preds,date,true_y
1590.0464969146014,2015-01-06,1480.73
1590.0464969146014,2015-01-08,1547.39
1594.4570245370514,2015-01-09,1515.37
1590.0464969146014,2015-01-12,1513.22
1590.0464969146014,2015-01-13,1533.09
1594.4570245370514,2015-01-14,1554.46
1594.4570245370514,2015-01-15,1563.21
1594.4570245370514,2015-01-16,1591.43
1604.6506183791953,2015-01-19,1576.4
1594.4570245370514,2015-01-20,1570.97
1611.5699417962037,2015-01-21,1618.17
1655.0602474803682,2015-01-22,1666.56
1679.8881241647985,2015-01-23,1671.8
1648.0240008714131,2015-01-26,1642.37
1661.7402190565515,2015-01-27,1673.92
1664.9086331296726,2015-01-28,1647.71
1651.9503439288233,2015-01-29,1639.65
1650.4766982230396,2015-01-30,1647.69
1641.5726993833136,2015-02-02,1625.31
1651.0277565194078,2015-02-03,1654.36
1655.791089704755,2015-02-04,1656.02
1675.02233653329,2015-02-05,1696.06
1722.966841483963,2015-02-06,1755.45
1763.486493459598,2015-02-09,1748.55
1747.1492545289002,2015-02-10,1742.35
1758.6306750320546,2015-02-11,1763.6
1770.1704051928273,2015-02-12,1802.8
1816.1134604259053,2015-02-13,1838.18
1824.377015872482,2015-02-16,1800.59
1805.1674482355124,2015-02-17,1793.82
1809.35876641024,2015-02-18,1809.67
1794.893783432463,2015-02-19,1797.87
1801.3739613183816,2015-02-20,1792.7
1774.6405059827475,2015-02-24,1772.16
1753.56583241385,2015-02-25,1746.23
1746.0379694628814,2015-02-26,1760.66
1759.167388470843,2015-02-27,1758.97
1779.978461300734,2015-03-02,1783.34
1786.9385549939184,2015-03-03,1807.7
1794.893783432463,2015-03-04,1759.35
1768.5817865842223,2015-03-05,1760.55
1746.5646082211392,2015-03-06,1728.55
1679.3492480304285,2015-03-10,1665.38
1674.736598866898,2015-03-11,1671.47
1666.2723390480337,2015-03-12,1664.7
1644.3066142462387,2015-03-13,1627.88
1625.5572526273722,2015-03-16,1609.85
1626.178284409997,2015-03-17,1611.69
1631.7680544001291,2015-03-18,1632.12
1628.6341649537403,2015-03-19,1607.97
1630.6203111674213,2015-03-20,1628.64
1619.2238520496069,2015-03-23,1602.85
1621.174264058705,2015-03-24,1618.62
1619.549425665819,2015-03-25,1615.5
1611.5699417962037,2015-03-26,1581.84
1594.4570245370514,2015-03-27,1571.55
1613.454476836076,2015-03-30,1612.84
1629.892806810478,2015-03-31,1626.18
1654.263193456626,2015-04-01,1661.9
1676.8475653550424,2015-04-02,1679.24
1681.425865843671,2015-04-03,1681.47
1683.1996009476206,2015-04-06,1700.64
1701.2094055363286,2015-04-07,1695.64
1682.6206857150478,2015-04-08,1683.63
1675.2530148150508,2015-04-09,1667.6
1662.3261452257932,2015-04-10,1657.02
1675.2045402538488,2015-04-13,1678.19
1661.0104724665512,2015-04-14,1647.39
1672.35477558587,2015-04-15,1677.7
1680.8013734157312,2015-04-16,1686.79
1676.6584228852023,2015-04-17,1656.59
1677.4235832217803,2015-04-20,1683.24
1701.2094055363286,2015-04-21,1710.24
1683.1996009476206,2015-04-22,1677.56
1664.934384274315,2015-04-23,1662.64
1678.7209148121449,2015-04-24,1682.7
1682.6206857150478,2015-04-27,1677.22
1680.225355548993,2015-04-28,1677.89
1680.8013734157312,2015-04-29,1670.99
1680.8013734157312,2015-04-30,1688.34
1711.8943806354123,2015-05-05,1721.8
1719.0828154137423,2015-05-06,1714.31
1683.96269047115,2015-05-07,1686.98
1701.2094055363286,2015-05-08,1708.52
1710.9723784558864,2015-05-12,1704.62
1683.1996009476206,2015-05-13,1682.26
1681.425865843671,2015-05-14,1677.57
1680.8013734157312,2015-05-15,1691.46
1682.6206857150478,2015-05-18,1678.55
1671.3459234739505,2015-05-19,1659.36
1652.5105822626278,2015-05-20,1636.86
1659.8956104660774,2015-05-21,1659.33
1666.506406409475,2015-05-22,1665.66
1659.8384464537212,2015-05-25,1655.4
1662.133601618706,2015-05-26,1651.66
1659.8956104660774,2015-05-27,1660.98
1670.0441969655094,2015-05-28,1657.62
1637.8906542354923,2015-05-29,1609.19
1627.4417876672446,2015-06-01,1616.94
1646.7586956310415,2015-06-02,1643.41
1642.3426418029303,2015-06-03,1628.87
1649.3431488280346,2015-06-04,1638.07
1654.3175707263322,2015-06-05,1652.07
1658.6507220911794,2015-06-08,1646.89
1660.88096274322,2015-06-09,1664.01
1665.1460821432445,2015-06-10,1653.09
1657.0128661863107,2015-06-11,1652.24
1656.252077762327,2015-06-15,1657.29
1667.9375634815174,2015-06-16,1668.82
1674.7823114256908,2015-06-17,1664.66
1670.0936137735823,2015-06-18,1660.14
1667.6689076773769,2015-06-19,1663.03
1676.1089715143426,2015-06-22,1671.8
1670.70439910018,2015-06-23,1657.23
1659.8384464537212,2015-06-24,1651.85
1649.268339160844,2015-06-25,1631.99
1649.3431488280346,2015-06-26,1644.45
1644.0085635351509,2015-06-29,1634.93
1653.4881464659186,2015-06-30,1654.55
1650.67035427236,2015-07-01,1639.7
1647.215475278811,2015-07-02,1641.05
1642.4107866579711,2015-07-03,1631.65
1636.015717437136,2015-07-06,1621.27
1626.6335073208306,2015-07-07,1614.14
1611.5699417962037,2015-07-08,1595.0
1619.076962863439,2015-07-09,1614.59
1637.640555830022,2015-07-10,1623.99
1643.6401425234394,2015-07-13,1642.97
1648.4246173632623,2015-07-14,1647.01
1646.0656477892303,2015-07-15,1641.22
1654.3175707263322,2015-07-16,1652.59
1659.221791255724,2015-07-17,1650.08
1640.0154263719523,2015-07-20,1626.76
1641.0520146230751,2015-07-21,1635.69
1641.0520146230751,2015-07-22,1635.63
1635.543254634756,2015-07-23,1616.14
1617.6648906259466,2015-07-24,1595.61
1611.5699417962037,2015-07-27,1584.92
1611.5699417962037,2015-07-28,1604.5
1626.6507472123772,2015-07-29,1622.32
1641.0520146230751,2015-07-30,1636.72
1661.494523995998,2015-07-31,1669.0
1668.5483488081147,2015-08-03,1663.74
1673.3913834550624,2015-08-04,1674.46
1681.996193287108,2015-08-05,1693.07
1682.6206857150478,2015-08-06,1675.71
1680.8013734157312,2015-08-07,1690.44
1683.1996009476206,2015-08-10,1702.02
1714.8391120484284,2015-08-11,1697.87
1701.2094055363286,2015-08-12,1697.65
1710.9723784558864,2015-08-13,1704.11
1718.3197258902132,2015-08-14,1712.47
1715.6022015719575,2015-08-17,1707.95
1701.2094055363286,2015-08-18,1691.24
1683.1996009476206,2015-08-19,1673.86
1681.996193287108,2015-08-20,1695.57
1680.0992057550193,2015-08-21,1663.31
1635.67296703815,2015-08-24,1634.14
1662.0083372490612,2015-08-25,1658.13
1662.9369305523903,2015-08-26,1660.95
1681.996193287108,2015-08-27,1695.22
1710.9723784558864,2015-08-28,1719.16
1721.6861320394885,2015-08-31,1733.17
1712.6574701589416,2015-09-01,1697.99
1701.2094055363286,2015-09-02,1690.82
1714.8391120484284,2015-09-03,1710.57
1714.8391120484284,2015-09-04,1698.16
1714.8391120484284,2015-09-07,1701.18
1719.241728069739,2015-09-08,1714.18
1730.5390949763423,2015-09-09,1722.43
1728.483552578347,2015-09-10,1718.9
1728.483552578347,2015-09-11,1718.06
1733.0416005743798,2015-09-14,1729.75
1724.6965066955306,2015-09-15,1716.26
1730.5390949763423,2015-09-16,1731.81
1733.249665513068,2015-09-17,1729.2
1724.1886376375255,2015-09-18,1710.84
1719.0828154137423,2015-09-21,1699.72
1677.1348263987877,2015-09-22,1664.25
1654.5524762398,2015-09-23,1640.7
1636.2707589916995,2015-09-24,1621.43
1640.8730640435963,2015-09-25,1639.64
1636.0818306338333,2015-09-28,1616.36
1628.7308085160969,2015-09-29,1630.51
1647.5320783651296,2015-09-30,1642.97
1637.2567915364752,2015-10-01,1626.97
1625.989356052131,2015-10-02,1612.56
1647.2907832826518,2015-10-05,1652.47
1666.577239215287,2015-10-06,1670.69
1672.7018528221045,2015-10-07,1679.49
1680.8013734157312,2015-10-08,1689.32
1711.8943806354123,2015-10-09,1728.44
1722.5073231913057,2015-10-12,1710.6
1718.3197258902132,2015-10-13,1720.81
1720.7641298599624,2015-10-14,1723.01
1735.7521711111056,2015-10-15,1731.91
1733.0416005743798,2015-10-16,1717.0
1720.7641298599624,2015-10-19,1716.08
1720.7641298599624,2015-10-20,1722.62
1719.0828154137423,2015-10-21,1709.94
1720.001040336433,2015-10-22,1712.1
1725.6185088750567,2015-10-23,1725.45
1720.0048175932684,2015-10-26,1712.13
1715.6022015719575,2015-10-27,1725.89
1724.6965066955306,2015-10-28,1726.61
1724.6965066955306,2015-10-29,1708.6
1718.3197258902132,2015-10-30,1711.53
1722.5073231913057,2015-11-02,1735.75
1744.106832754851,2015-11-03,1763.6
1779.1720602163668,2015-11-05,1766.28
1764.5046436988173,2015-11-06,1754.36
1757.578769862238,2015-11-09,1751.44
1750.5508259647863,2015-11-10,1746.94
1745.799148093075,2015-11-11,1740.56
1742.6258966841774,2015-11-12,1739.96
1735.7521711111056,2015-11-13,1728.17
1742.6258966841774,2015-11-16,1739.8
1758.524563814861,2015-11-17,1787.23
1799.536676673839,2015-11-18,1810.48
1821.6233132032285,2015-11-19,1811.2
1814.4825709773368,2015-11-20,1826.72
1839.6885074524075,2015-11-23,1868.07
1854.923360251181,2015-11-24,1810.05
1814.4825709773368,2015-11-25,1833.53
1834.9697888295,2015-11-26,1828.3
1818.8350204758085,2015-11-27,1795.7
1800.024274946123,2015-11-30,1771.05
1780.9567841354212,2015-12-01,1772.97
1784.8378217103768,2015-12-02,1770.13
1784.8378217103768,2015-12-03,1787.23
1768.2839896842197,2015-12-04,1755.22
1748.8373016390556,2015-12-07,1741.14
1731.9080603559105,2015-12-08,1718.77
1733.0416005743798,2015-12-09,1733.09
1735.7521711111056,2015-12-10,1732.89
1729.4055547578728,2015-12-11,1720.31
1719.0828154137423,2015-12-14,1708.7
1728.580532765751,2015-12-15,1742.46
1755.495844677175,2015-12-16,1754.71
1769.1138694460592,2015-12-17,1780.97
1745.2041441202389,2015-12-18,1719.16
1725.6185088750567,2015-12-21,1716.91
1728.483552578347,2015-12-22,1723.35
1734.2642083905662,2015-12-23,1747.85
1750.5508259647863,2015-12-24,1742.71
1746.605167377059,2015-12-25,1734.21
1733.249665513068,2015-12-28,1731.2
1742.6258966841774,2015-12-29,1763.38
1767.5676576997848,2015-12-30,1761.36
1752.2157259780247,2016-01-04,1734.56
1742.6258966841774,2016-01-05,1754.13
1750.5508259647863,2016-01-06,1748.57
1695.0537992748352,2016-01-11,1682.54
1681.1191423440346,2016-01-12,1690.3
1683.1996009476206,2016-01-13,1684.78
1679.3454072400846,2016-01-14,1680.77
1635.4620757495632,2016-01-15,1608.36
1621.174264058705,2016-01-18,1622.43
1655.0295675879256,2016-01-19,1645.56
1630.6203111674213,2016-01-20,1630.39
1669.6166399736337,2016-01-21,1677.19
1701.2094055363286,2016-01-22,1717.98
1719.0828154137423,2016-01-25,1716.56
1715.6022015719575,2016-01-26,1705.01
1724.6481559301828,2016-01-27,1747.57
1757.3716588227562,2016-01-28,1771.93
1774.58352562962,2016-01-29,1784.92
1783.0575174189626,2016-02-01,1773.21
1770.7024880546642,2016-02-02,1758.26
1761.5659186543871,2016-02-03,1746.35
1765.782454408048,2016-02-04,1787.93
1786.9385549939184,2016-02-05,1780.59
1758.9322256871192,2016-02-08,1744.27
1738.3325466811648,2016-02-09,1723.36
1728.121014473094,2016-02-10,1730.83
1711.7354679794155,2016-02-11,1711.58
1729.4055547578728,2016-02-12,1726.04
1735.7521711111056,2016-02-15,1738.54
1749.5775591769957,2016-02-16,1753.86
1765.7719280516978,2016-02-17,1770.31
1784.8378217103768,2016-02-18,1807.21
1805.14807951322,2016-02-19,1793.37
1801.3739613183816,2016-02-20,1790.15
1799.536676673839,2016-02-22,1822.38
1811.162570229923,2016-02-24,1797.27
1800.024274946123,2016-02-25,1803.89
1824.7629890883825,2016-02-26,1816.73
1826.2881175476728,2016-02-29,1840.17
1842.1293230263072,2016-03-01,1844.17
1848.4470406604585,2016-03-02,1832.84
1843.8417308570183,2016-03-03,1858.69
1863.395341651332,2016-03-04,1878.29
1894.3821339869664,2016-03-07,1909.57
1901.823672926076,2016-03-09,1883.0
1890.042459389568,2016-03-10,1884.63
1883.859599490436,2016-03-11,1876.54
1878.292847128802,2016-03-14,1865.31
1865.951907223041,2016-03-15,1855.06
1856.4174301293065,2016-03-16,1871.2
1883.859599490436,2016-03-17,1890.79
1902.966160812707,2016-03-18,1914.02
1905.610382997541,2016-03-21,1904.5
1905.9131237446416,2016-03-22,1903.47
1895.6408130269435,2016-03-23,1879.89
1872.426410330799,2016-03-24,1866.67
1866.166585517612,2016-03-25,1866.23
1865.0620646837328,2016-03-28,1849.31
1834.9697888295,2016-03-29,1845.2
1858.3338869051145,2016-03-30,1868.1
1865.951907223041,2016-03-31,1871.15
1859.0931559751248,2016-04-01,1856.77
1859.2237294444224,2016-04-04,1866.64
1857.9867919661965,2016-04-05,1857.09
1858.9739957010152,2016-04-06,1860.17
1865.0620646837328,2016-04-07,1858.85
1863.6100199459024,2016-04-08,1877.27
1886.7413258454085,2016-04-11,1906.9
1905.610382997541,2016-04-12,1899.26
1918.9104844477056,2016-04-13,1932.8
1925.0639849112663,2016-04-14,1915.85
1912.6444934989368,2016-04-15,1907.78
1889.7809449041188,2016-04-18,1892.64
1906.290225957512,2016-04-19,1930.14
1949.663883053704,2016-04-20,1960.18
1952.997017415704,2016-04-21,1950.08
1950.301880055916,2016-04-22,1967.26
1958.130704399628,2016-04-25,1955.47
1946.5965663001664,2016-04-26,1946.55
1946.2019627691548,2016-04-27,1934.77
1950.301880055916,2016-04-28,1969.89
1960.461095663188,2016-04-29,1953.05
1932.3127314149124,2016-05-04,1925.58
1918.242224960824,2016-05-05,1906.48
1905.610382997541,2016-05-06,1901.56
1895.6408130269435,2016-05-10,1885.34
1900.7711360366525,2016-05-11,1909.05
1911.4992436903808,2016-05-12,1901.9
1902.277090188244,2016-05-13,1907.19
1921.0814771499663,2016-05-16,1915.33
1907.7954500868257,2016-05-17,1909.0
1911.4992436903808,2016-05-18,1917.24
1908.9506575821515,2016-05-19,1891.52
1899.4638643092935,2016-05-20,1891.33
1886.967719025169,2016-05-23,1868.43
1866.166585517612,2016-05-24,1884.12
1897.3602757548183,2016-05-25,1898.75
1908.6189877865509,2016-05-26,1914.31
1921.0814771499663,2016-05-27,1927.58
1929.453644893902,2016-05-30,1935.54
1918.097477168408,2016-05-31,1899.01
1900.468395289552,2016-06-01,1893.18
1896.128720692153,2016-06-02,1890.78
1899.0104470471256,2016-06-03,1886.84
1903.2756605352952,2016-06-06,1915.54
1933.2608394221293,2016-06-07,1951.26
1946.5965663001664,2016-06-08,1951.55
1936.1885065818888,2016-06-09,1934.92
1921.5001838542405,2016-06-10,1903.61
1892.759086671971,2016-06-14,1885.92
1893.603996186469,2016-06-15,1889.75
1881.4009666635352,2016-06-16,1869.78
1883.859599490436,2016-06-17,1877.07
1894.3821339869664,2016-06-20,1902.7
1903.2816211685015,2016-06-21,1904.02
1905.9198827201292,2016-06-22,1896.7
1899.7666050563944,2016-06-23,1919.27
1880.7981877897848,2016-06-24,1884.41
1872.27698294717,2016-06-27,1841.73
1855.5275875899983,2016-06-28,1857.23
1864.790481806057,2016-06-29,1888.15
1893.603996186469,2016-06-30,1891.09
1896.5821379543213,2016-07-01,1896.62
1900.7778950121408,2016-07-04,1907.48
1905.610382997541,2016-07-05,1895.64
1889.9458607930212,2016-07-06,1879.42
1890.495876651736,2016-07-07,1882.41
1883.859599490436,2016-07-08,1894.35
1900.468395289552,2016-07-11,1913.12
1925.226342767924,2016-07-12,1938.36
1936.1885065818888,2016-07-13,1935.88
1935.7939030508776,2016-07-14,1942.46
1936.1885065818888,2016-07-15,1940.85
1933.504232893329,2016-07-18,1936.07
1921.5001838542405,2016-07-19,1915.89
1911.7579228278944,2016-07-20,1915.09
1924.7594228243083,2016-07-21,1927.7
1931.743315051451,2016-07-22,1926.9
1935.5505095796773,2016-07-25,1931.78
1933.2608394221293,2016-07-26,1938.52
1936.1885065818888,2016-07-27,1938.65
1946.5965663001664,2016-07-28,1954.45
1950.6225585586524,2016-07-29,1944.62
1954.327872314402,2016-08-01,1947.36
1928.472339734003,2016-08-02,1912.69
1914.901950376213,2016-08-03,1919.15
1935.9451131106891,2016-08-04,1944.94
1936.1885065818888,2016-08-05,1944.31
1950.98730465488,2016-08-08,1956.99
1955.5702412792643,2016-08-09,1956.42
1950.6225585586524,2016-08-10,1942.67
1936.1885065818888,2016-08-11,1952.18
1955.5702412792643,2016-08-12,1967.18
1970.893141333352,2016-08-15,1977.28
1975.868541018208,2016-08-16,1975.8
1969.9156232714847,2016-08-17,1969.19
1970.893141333352,2016-08-18,1970.07
1966.1957338758405,2016-08-19,1959.72
1955.5702412792643,2016-08-22,1979.09
1980.3104256480556,2016-08-23,1989.51
1980.21305827042,2016-08-24,1983.59
1978.810242698852,2016-08-25,1985.56
1984.8288600010935,2016-08-26,1993.35
1978.810242698852,2016-08-29,1986.72
1985.548505878236,2016-08-30,1985.69
1975.0181453186729,2016-08-31,1971.59
1978.810242698852,2016-09-01,1976.91
1984.8288600010935,2016-09-02,2003.77
2015.700386562169,2016-09-05,2017.38
2017.3358382897627,2016-09-06,2039.53
2034.1832482208097,2016-09-07,2053.75
2042.0328370575248,2016-09-08,2050.77
2025.7113846623072,2016-09-09,2028.25
2015.700386562169,2016-09-12,2019.9
2015.700386562169,2016-09-13,2004.5
2003.597591605689,2016-09-14,2004.48
1992.4326510772396,2016-09-15,1996.58
1975.868541018208,2016-09-16,1981.96
1984.8288600010935,2016-09-19,1986.97
1979.6606383983876,2016-09-20,1991.78
1985.548505878236,2016-09-21,1997.67
2011.6332642820275,2016-09-22,2025.3
2011.3471494958883,2016-09-23,2011.83
1995.7373677080805,2016-09-26,1997.94
1984.60012276596,2016-09-27,1975.52
1981.063453969955,2016-09-28,1980.68
1988.1335766319348,2016-09-29,1996.12
1980.21305827042,2016-09-30,1978.0
1981.063453969955,2016-10-03,1986.8
1983.9784643015585,2016-10-04,1985.02
1974.613030728996,2016-10-05,1975.85
1975.0181453186729,2016-10-06,1983.88
1981.063453969955,2016-10-07,1980.02
1984.8288600010935,2016-10-10,2001.1
1991.6702454279396,2016-10-11,2001.42
1993.1522969543817,2016-10-12,1993.35
1979.46002994852,2016-10-13,1976.37
1974.613030728996,2016-10-14,1966.39
1961.4571253215693,2016-10-17,1956.95
1960.0625105270544,2016-10-18,1969.11
1970.893141333352,2016-10-19,1967.5
1964.1522626813571,2016-10-20,1957.09
1950.98730465488,2016-10-21,1957.7
1960.0625105270544,2016-10-24,1962.79
1967.4550553443532,2016-10-25,1977.19
1978.810242698852,2016-10-26,1974.81
1979.46002994852,2016-10-27,1979.8
1980.21305827042,2016-10-28,1981.76
1984.8288600010935,2016-10-31,1989.64
1986.5217403421775,2016-11-01,1996.87
1975.0181453186729,2016-11-02,1968.77
1964.1522626813571,2016-11-03,1962.71
1955.5702412792643,2016-11-07,1952.69
1960.0625105270544,2016-11-08,1967.93
1966.4765779005445,2016-11-09,2011.58
2033.65729068498,2016-11-10,2044.03
2030.180612250151,2016-11-11,2031.92
2021.8713293194096,2016-11-14,2021.99
2015.700386562169,2016-11-15,2017.06
2021.8050658776065,2016-11-16,2028.92
2017.3358382897627,2016-11-17,2042.76
2026.3405569072536,2016-11-18,2038.29
2038.023303563707,2016-11-21,2058.77
2042.0328370575248,2016-11-22,2066.18
2065.1363450866097,2016-11-23,2085.75
2078.991076720703,2016-11-24,2102.97
2078.919570644532,2016-11-25,2098.15
2074.84064166689,2016-11-28,2094.65
2073.951622244753,2016-11-29,2086.84
2075.4353448897277,2016-11-30,2104.91
2100.047989800931,2016-12-01,2121.87
2101.5261464017776,2016-12-02,2128.99
2114.594454647013,2016-12-05,2158.33
2148.000031416092,2016-12-06,2152.35
2144.9188203999734,2016-12-07,2160.51
2164.6212290755907,2016-12-08,2207.02
2190.1549444822967,2016-12-09,2208.53
2199.471607561256,2016-12-12,2226.89
2199.471607561256,2016-12-13,2247.02
2199.471607561256,2016-12-14,2229.05
2195.31882544994,2016-12-15,2237.23
2201.317764801121,2016-12-16,2231.41
2199.471607561256,2016-12-19,2215.69
2199.471607561256,2016-12-20,2226.36
2199.1027232566303,2016-12-21,2212.33
2159.24526236358,2016-12-22,2174.64
2151.7043351088228,2016-12-23,2173.18
2158.693609412941,2016-12-26,2177.86
2159.678456664493,2016-12-27,2189.43
2177.097021925733,2016-12-28,2182.98
2163.2738661850635,2016-12-29,2206.33
2199.471607561256,2016-12-30,2232.72
2207.229763057112,2017-01-03,2285.43
2214.942066869232,2017-01-04,2263.9
2200.637697901588,2017-01-05,2220.35
2190.1549444822967,2017-01-06,2213.93
2194.9499411453144,2017-01-09,2211.25
2199.471607561256,2017-01-10,2237.49
2199.471607561256,2017-01-11,2218.61
2199.1027232566303,2017-01-12,2212.0
2160.6889904235595,2017-01-13,2195.19
2177.5302162266453,2017-01-16,2189.07
2157.0287148301027,2017-01-17,2178.73
2157.0287148301027,2017-01-18,2170.09
2148.000031416092,2017-01-19,2162.25
2148.000031416092,2017-01-20,2159.96
2139.236122877511,2017-01-23,2146.09
2144.9188203999734,2017-01-24,2174.59
2157.0287148301027,2017-01-25,2176.0
2176.8787582837417,2017-01-26,2229.2
2200.637697901588,2017-01-27,2266.05
2201.317764801121,2017-01-30,2234.14
2199.471607561256,2017-01-31,2217.39
2199.471607561256,2017-02-01,2231.68
2199.471607561256,2017-02-02,2217.56
2199.471607561256,2017-02-03,2226.61
2194.9499411453144,2017-02-06,2210.51
2195.31882544994,2017-02-07,2218.77
2177.5302162266453,2017-02-08,2189.61
2151.7043351088228,2017-02-09,2173.98
2151.7043351088228,2017-02-10,2162.19
2148.000031416092,2017-02-13,2161.49
2139.236122877511,2017-02-14,2141.5
2117.3251309667176,2017-02-15,2137.08
2111.4375470201467,2017-02-16,2148.48
2115.315409847126,2017-02-17,2128.21
2100.7721588756845,2017-02-20,2119.09
2099.294002274838,2017-02-21,2127.72
2090.479666232126,2017-02-22,2106.3
2065.514627628868,2017-02-24,2093.09
2061.195275801848,2017-02-27,2056.46
2030.180612250151,2017-02-28,2035.77
2038.1927817146272,2017-03-01,2059.87
2042.0328370575248,2017-03-02,2049.0
2030.180612250151,2017-03-03,2056.89
2042.0328370575248,2017-03-06,2047.42
2028.545160522557,2017-03-07,2024.84
2003.5239985120093,2017-03-09,1974.24
1974.613030728996,2017-03-10,1973.96
1979.6606383983876,2017-03-13,2000.14
1997.9186330357911,2017-03-14,2001.25
2001.9857553159325,2017-03-15,1992.59
2003.8837063918288,2017-03-16,2014.37
2017.3358382897627,2017-03-17,2036.96
2026.3405569072536,2017-03-20,2042.72
2042.0328370575248,2017-03-21,2048.07
2039.616254841208,2017-03-22,2061.53
2042.0328370575248,2017-03-23,2051.04
2030.180612250151,2017-03-24,2039.77
2020.235877591816,2017-03-27,2013.16
2017.3358382897627,2017-03-28,2032.54
2017.3358382897627,2017-03-29,2023.71
2017.3358382897627,2017-03-30,2021.88
2011.3471494958883,2017-03-31,1995.9
1997.9186330357911,2017-04-03,2008.61
2015.700386562169,2017-04-04,2025.69
2022.0414089256133,2017-04-05,2056.32
2038.2596466117136,2017-04-06,2054.69
2030.180612250151,2017-04-07,2020.23
1999.0821138821616,2017-04-10,1971.23
1972.148651622564,2017-04-11,1977.95
1964.1809850588324,2017-04-12,1947.88
1933.504232893329,2017-04-13,1944.7
1928.810010823734,2017-04-14,1916.29
1925.0639849112663,2017-04-17,1942.72
1928.810010823734,2017-04-18,1920.29
1924.7594228243083,2017-04-19,1916.5
1917.854083697208,2017-04-20,1932.17
1946.3531728289663,2017-04-21,1944.72
1958.019039332571,2017-04-24,1979.57
1979.6606383983876,2017-04-25,1998.41
1999.530469325548,2017-04-26,2026.92
2015.700386562169,2017-04-27,2011.67
2017.3358382897627,2017-04-28,2016.71
2017.3358382897627,2017-05-02,2026.85
2009.735313206132,2017-05-03,1993.66
1994.3819642397864,2017-05-04,1998.87
1985.548505878236,2017-05-05,2002.41
2015.700386562169,2017-05-10,2028.21
2009.735313206132,2017-05-11,2002.54
1993.1522969543817,2017-05-12,1994.58
1993.4087297758444,2017-05-15,2003.12
1993.1522969543817,2017-05-16,1992.94
1985.548505878236,2017-05-17,1994.35
1970.76601897102,2017-05-18,1967.66
1964.1522626813571,2017-05-19,1962.4
1957.0230096741896,2017-05-22,1950.51
1954.6926184106292,2017-05-23,1960.16
1950.301880055916,2017-05-24,1951.98
1950.6225585586524,2017-05-25,1947.26
1936.1885065818888,2017-05-26,1934.25
1936.1885065818888,2017-05-29,1940.77
1932.381312053663,2017-05-30,1932.91
1914.772488250112,2017-05-31,1900.38
1892.8275871479937,2017-06-01,1869.66
1872.426410330799,2017-06-02,1881.87
1883.859599490436,2017-06-05,1877.69
1878.5075254233725,2017-06-06,1870.04
1877.993162692433,2017-06-07,1868.42
1865.951907223041,2017-06-08,1874.21
1883.859599490436,2017-06-09,1883.34
1872.426410330799,2017-06-13,1861.27
1852.8607703238729,2017-06-14,1838.32
1821.3964400516547,2017-06-15,1817.82
1824.6572280991045,2017-06-16,1822.91
1837.976099621697,2017-06-19,1849.78
1855.5275875899983,2017-06-20,1857.96
1848.689158116964,2017-06-21,1850.81
1843.8417308570183,2017-06-22,1860.05
1863.395341651332,2017-06-23,1867.46
1865.951907223041,2017-06-26,1860.39
1863.395341651332,2017-06-27,1878.94
1883.859599490436,2017-06-28,1891.98
1896.128720692153,2017-06-29,1881.04
1890.042459389568,2017-06-30,1879.5
1890.495876651736,2017-07-03,1902.59
1909.3042189143264,2017-07-04,1917.4
1924.7594228243083,2017-07-05,1921.38
1924.7594228243083,2017-07-06,1923.22
1912.3417527518368,2017-07-07,1912.48
1921.0814771499663,2017-07-10,1925.74
1929.453644893902,2017-07-11,1937.64
1946.5965663001664,2017-07-12,1954.39
1954.6926184106292,2017-07-13,1959.91
1958.019039332571,2017-07-14,1960.69
1955.5702412792643,2017-07-17,1959.11
1954.6926184106292,2017-07-18,1947.71
1936.1885065818888,2017-07-19,1951.89
1950.6225585586524,2017-07-20,1946.51
1933.504232893329,2017-07-21,1925.13
1929.453644893902,2017-07-24,1931.75
1924.7594228243083,2017-07-25,1923.73
1931.743315051451,2017-07-26,1933.1
1935.9451131106891,2017-07-27,1945.12
1928.472339734003,2017-07-28,1916.75
1924.4217517345771,2017-07-31,1919.53
1935.5505095796773,2017-08-01,1940.14
1954.327872314402,2017-08-02,1965.48
1968.198003973564,2017-08-03,1965.29
1959.0083272682623,2017-08-04,1953.49
1955.5702412792643,2017-08-07,1970.37
1975.090353303208,2017-08-08,1989.61
1979.46002994852,2017-08-09,1975.91
1969.9156232714847,2017-08-10,1960.23
1936.1885065818888,2017-08-11,1944.83
1950.98730465488,2017-08-14,1951.75
1940.2144988403747,2017-08-15,1950.28
1950.6225585586524,2017-08-16,1942.88
1936.1885065818888,2017-08-17,1941.52
1931.986708522651,2017-08-18,1930.71
1935.9451131106891,2017-08-21,1937.66
1940.2144988403747,2017-08-22,1947.4
1950.6225585586524,2017-08-23,1958.52
1960.0625105270544,2017-08-24,1973.5
1979.46002994852,2017-08-25,1979.14
1979.46002994852,2017-08-28,1987.15
1975.0181453186729,2017-08-29,1989.12
1993.4087297758444,2017-08-30,2008.88
2015.700386562169,2017-08-31,2022.22
2015.700386562169,2017-09-01,2010.98
2007.9508286719697,2017-09-04,2003.32
2011.3471494958883,2017-09-05,2004.02
2001.9857553159325,2017-09-06,2014.6
2017.3358382897627,2017-09-07,2010.17
2017.3358382897627,2017-09-08,2032.75
2026.3405569072536,2017-09-11,2044.13
2038.023303563707,2017-09-12,2058.8
2042.0328370575248,2017-09-13,2054.19
2030.180612250151,2017-09-14,2052.25
2038.023303563707,2017-09-15,2053.81
2042.0328370575248,2017-09-18,2059.08
2038.023303563707,2017-09-19,2048.99
2030.180612250151,2017-09-20,2057.53
2042.0328370575248,2017-09-21,2060.24
2048.775908711616,2017-09-22,2051.63
2059.233640965777,2017-09-25,2069.11
2080.744197717361,2017-09-26,2071.13
2076.424845890341,2017-09-27,2081.12
2082.7154315371204,2017-09-28,2071.64
2075.902379189033,2017-09-29,2077.19
2077.873613008792,2017-10-02,2075.72
2082.7154315371204,2017-10-03,2076.81
2077.873613008792,2017-10-04,2077.09
2082.7154315371204,2017-10-05,2088.32
2091.012630274026,2017-10-06,2093.86
2091.012630274026,2017-10-09,2096.29
2087.4568984430502,2017-10-10,2086.91
2091.012630274026,2017-10-11,2101.07
2091.012630274026,2017-10-12,2094.96
2095.192292412969,2017-10-13,2098.77
2095.192292412969,2017-10-16,2106.39
2087.4568984430502,2017-10-17,2092.57
2091.012630274026,2017-10-18,2094.4
2082.7154315371204,2017-10-19,2072.73
2077.873613008792,2017-10-20,2071.83
2071.5830273620127,2017-10-23,2063.81
2059.233640965777,2017-10-24,2061.79
2059.233640965777,2017-10-25,2049.48
2047.381416158403,2017-10-26,2046.69
2059.233640965777,2017-10-27,2068.76
2071.5830273620127,2017-10-30,2065.25
2071.5830273620127,2017-10-31,2064.31
2080.744197717361,2017-11-01,2082.73
2073.554261181772,2017-11-02,2073.04
2080.744197717361,2017-11-03,2081.15
2112.851268915666,2017-11-07,2155.55
2154.414634922624,2017-11-08,2163.01
2165.1449235390137,2017-11-09,2183.61
2173.419619426931,2017-11-10,2169.26
2173.419619426931,2017-11-13,2167.63
2173.419619426931,2017-11-14,2166.83
2142.582241520282,2017-11-15,2131.75
2115.8430049741146,2017-11-16,2132.65
2118.738500610599,2017-11-17,2131.91
2113.9265466249217,2017-11-20,2130.39
2132.311753430334,2017-11-21,2155.82
2161.309724996802,2017-11-22,2160.16
2156.012123293768,2017-11-23,2148.56
2154.414634922624,2017-11-24,2161.17
2154.199216614696,2017-11-27,2145.87
2131.845901303102,2017-11-28,2149.45
2126.204129204534,2017-11-29,2124.08
2099.805280291481,2017-11-30,2100.62
2091.012630274026,2017-12-01,2105.99
2095.098353956988,2017-12-04,2119.42
2099.8992187474614,2017-12-05,2113.69
2108.6116335772463,2017-12-06,2124.12
2108.6116335772463,2017-12-07,2103.15
2095.192292412969,2017-12-08,2104.99
2112.941094291361,2017-12-11,2148.6
2154.414634922624,2017-12-12,2160.75
2139.239877726465,2017-12-13,2131.94
2127.850496888645,2017-12-14,2152.41
2141.6633160480865,2017-12-15,2143.99
2130.213878528755,2017-12-18,2134.58
2111.315555828161,2017-12-19,2118.16
2108.6116335772463,2017-12-20,2102.97
2087.4568984430502,2017-12-21,2093.38
2103.257876024817,2017-12-22,2102.94
2148.576030582088,2017-12-25,2105.06
2144.396368443145,2017-12-26,2097.03
2144.396368443145,2017-12-27,2106.17
2144.396368443145,2017-12-28,2102.89
2144.396368443145,2017-12-29,2109.74
2168.4707573774594,2018-01-03,2152.97
2208.758227045217,2018-01-04,2197.6
2246.1234665454394,2018-01-05,2207.41
2257.38339454385,2018-01-09,2225.39
2257.445031807644,2018-01-10,2232.27
2258.9506570845665,2018-01-11,2246.45
2261.1904478641213,2018-01-12,2262.38
2272.400653912928,2018-01-15,2261.53
2261.1904478641213,2018-01-16,2257.89
2262.713095455619,2018-01-17,2277.89
2279.121562870031,2018-01-18,2297.47
2281.5187917655726,2018-01-19,2286.33
2290.2411632709563,2018-01-22,2308.61
2286.582735434355,2018-01-23,2298.95
2289.7784848833094,2018-01-24,2306.99
2304.0301245138303,2018-01-25,2320.03
2288.6679699859046,2018-01-26,2295.26
2285.999086893795,2018-01-29,2284.27
2278.6645880595147,2018-01-30,2280.36
2278.6645880595147,2018-01-31,2289.99
2290.2411632709563,2018-02-01,2302.57
2281.5187917655726,2018-02-02,2281.84
2272.7572111640943,2018-02-05,2276.85
2258.637590461627,2018-02-06,2238.24
2262.356538204453,2018-02-07,2254.64
2259.2295517837147,2018-02-08,2227.24
2240.936428570976,2018-02-09,2197.12
2257.38339454385,2018-02-12,2220.12
2259.272784548086,2018-02-13,2250.63
2261.1904478641213,2018-02-14,2257.95
2275.0321514596926,2018-02-15,2265.45
2264.947809070744,2018-02-16,2255.27
2268.571102779636,2018-02-19,2254.92
2270.3459850828813,2018-02-20,2270.12
2282.7920312196493,2018-02-21,2320.32
2311.340907396312,2018-02-22,2336.82
2350.1861782199885,2018-02-26,2353.16
2336.1717521562423,2018-02-27,2341.89
2312.615893443653,2018-02-28,2296.8
2286.0549986791257,2018-03-01,2297.9
2278.887294218808,2018-03-02,2288.84
2292.8541345777357,2018-03-05,2309.53
2304.0301245138303,2018-03-06,2303.32
2281.5187917655726,2018-03-07,2291.23
2290.2411632709563,2018-03-09,2311.69
2304.0301245138303,2018-03-12,2318.01
2304.0301245138303,2018-03-13,2319.38
2282.046528520802,2018-03-14,2275.24
2273.810679266372,2018-03-15,2272.49
2286.229832224607,2018-03-16,2294.6
2299.16818871066,2018-03-19,2281.72
2290.6322083770983,2018-03-20,2291.18
2305.7813488743327,2018-03-21,2309.36
2302.237121725609,2018-03-22,2285.76
2288.8599814575377,2018-03-23,2285.53
2282.064207161286,2018-03-26,2240.85
2275.82056000869,2018-03-27,2262.5
2274.654469668358,2018-03-28,2249.23
2282.0351245838733,2018-03-29,2274.62
2289.2943458441773,2018-03-30,2270.98
2288.342382485573,2018-04-02,2256.64
2274.654469668358,2018-04-03,2263.85
2282.0351245838733,2018-04-04,2265.6
2292.5411425730545,2018-04-05,2296.25
2294.687893582437,2018-04-06,2281.23
2180.251231265557,2018-04-09,2090.88
2171.474854677991,2018-04-10,2173.76
2230.96865963871,2018-04-11,2192.15
2238.5095868934677,2018-04-12,2210.05
2237.957933942828,2018-04-13,2175.16
2220.369265871801,2018-04-16,2143.67
2233.211828343872,2018-04-17,2191.19
2263.491649349534,2018-04-18,2241.49
2273.9744027688253,2018-04-19,2230.55
2272.808312428493,2018-04-20,2232.66
2272.808312428493,2018-04-23,2250.99
2275.82056000869,2018-04-24,2253.77
2274.654469668358,2018-04-25,2253.5
2285.143994422129,2018-04-26,2286.02
2300.9959414511013,2018-04-27,2301.49
2304.859978579413,2018-04-28,2297.3
2311.4551121750646,2018-04-30,2307.02
2310.8027156720464,2018-05-02,2306.42
2294.626256318643,2018-05-03,2274.07
2293.427311555548,2018-05-04,2289.47
2307.796110825577,2018-05-07,2297.12
2296.9167093480646,2018-05-08,2301.99
2317.068838775233,2018-05-10,2312.92
2326.234588296321,2018-05-11,2345.26
2338.2025971876856,2018-05-14,2357.62
2348.503339644294,2018-05-15,2337.03
2335.0792190250327,2018-05-16,2338.39
2335.0114448280237,2018-05-17,2323.51
2331.822583542604,2018-05-18,2326.94
2331.822583542604,2018-05-21,2332.63
2322.902075061565,2018-05-22,2326.87
2310.409082132356,2018-05-23,2295.57
2304.784369349974,2018-05-24,2294.01
2308.717481120497,2018-05-25,2306.57
2308.189744365267,2018-05-28,2311.28
2305.6381528689644,2018-05-29,2298.0
2304.859978579413,2018-05-30,2297.6
2305.7813488743327,2018-05-31,2302.88
2307.796110825577,2018-06-01,2295.34
2316.6537620621298,2018-06-04,2323.64
2321.379680645298,2018-06-05,2318.23
2319.4059460585536,2018-06-06,2315.45
2319.042573361977,2018-06-07,2316.07
2297.2392276254222,2018-06-08,2267.92
2288.880880246763,2018-06-09,2281.51
2289.8401217225096,2018-06-11,2271.74
2289.6174155632166,2018-06-13,2270.73
2275.82056000869,2018-06-14,2253.48
2274.654469668358,2018-06-15,2237.53
2272.808312428493,2018-06-18,2222.56
2263.491649349534,2018-06-19,2221.42
2274.654469668358,2018-06-20,2256.27
2275.82056000869,2018-06-21,2245.94
2275.009237470348,2018-06-22,2249.68
2271.405033898104,2018-06-25,2236.65
2271.405033898104,2018-06-26,2231.03
2269.55887665824,2018-06-27,2253.6
2271.405033898104,2018-06-28,2250.26
2286.660209256036,2018-06-29,2295.95
2310.39294330876,2018-07-02,2319.31
2312.1471198333857,2018-07-03,2301.65
2304.940308595013,2018-07-04,2304.06
2319.197632792292,2018-07-05,2346.86
2334.7595222790565,2018-07-06,2345.38
2362.9618872558176,2018-07-09,2373.17
2362.9276401782627,2018-07-10,2365.17
2337.9202513791324,2018-07-11,2336.15
2321.67566341163,2018-07-12,2322.06
2328.62905955768,2018-07-13,2346.43
2337.954498456688,2018-07-16,2334.18
2315.45265052104,2018-07-17,2310.92
2301.147864421512,2018-07-18,2294.78
2288.7453230016245,2018-07-19,2269.45
2272.571124238436,2018-07-20,2247.82
2278.78568881362,2018-07-23,2261.25
2282.676877210705,2018-07-24,2278.3
2282.9999469297445,2018-07-25,2282.84
2301.147864421512,2018-07-26,2293.07
2292.8684738596667,2018-07-27,2292.72
2293.3451461142918,2018-07-30,2295.72
2307.0874126211056,2018-07-31,2321.11
2315.7931375917237,2018-08-01,2315.18
2307.812042865121,2018-08-02,2295.15
2293.595583648613,2018-08-03,2297.99
2301.932670272678,2018-08-06,2299.88
2309.810012550065,2018-08-07,2312.19
2292.944083089106,2018-08-08,2293.01
2287.852015375973,2018-08-09,2309.58
2288.7453230016245,2018-08-10,2275.05
2286.347142633096,2018-08-13,2285.61
2291.438457812183,2018-08-14,2282.88
2275.637497965935,2018-08-15,2267.13
2278.78568881362,2018-08-16,2261.09
2272.571124238436,2018-08-17,2255.12
2282.978536346424,2018-08-20,2272.49
2287.3827726068444,2018-08-21,2291.76
2293.595583648613,2018-08-22,2297.06
2288.7453230016245,2018-08-23,2260.04
2274.9009626494817,2018-08-24,2279.76
2294.9638080509603,2018-08-27,2312.93
2313.8194030049794,2018-08-28,2316.28
2323.041064311398,2018-08-29,2348.44
2340.2763927032984,2018-08-30,2330.92
2327.4058584145405,2018-08-31,2345.85
2354.923581143179,2018-09-03,2346.08
2351.2484958480054,2018-09-04,2336.38
2334.7226617738665,2018-09-05,2321.33
2331.466026291437,2018-09-06,2320.65
2321.379680645298,2018-09-07,2321.82
2322.545517810399,2018-09-10,2335.85
2327.0493011633744,2018-09-11,2335.19
2331.6795586086423,2018-09-12,2340.63
2355.46755210267,2018-09-13,2357.32
2361.5580202270235,2018-09-14,2360.26
2361.613932012354,2018-09-17,2373.75
2399.4342897680767,2018-09-18,2402.58
2416.603723024793,2018-09-19,2404.42
2419.921497846708,2018-09-20,2400.89
2420.2483979987896,2018-09-21,2426.8
2437.142655297577,2018-09-24,2430.01
2437.981871926251,2018-09-25,2444.22
2445.9350872337627,2018-09-26,2427.29
2447.3626676640465,2018-09-27,2474.57
2463.412884581145,2018-09-28,2475.36
2467.56701025824,2018-10-01,2472.22
2463.412884581145,2018-10-02,2449.7
2456.506418069819,2018-10-03,2493.91
2475.4318906856697,2018-10-04,2465.03
2456.848477861991,2018-10-05,2450.9
2451.8867263072475,2018-10-08,2454.28
2458.451133026402,2018-10-09,2443.83
2442.4878465641914,2018-10-10,2417.69
2380.73770676375,2018-10-11,2366.47
2399.001095467164,2018-10-12,2403.02
2420.10899784223,2018-10-15,2389.05
2407.641854591744,2018-10-16,2417.26
2432.487446564514,2018-10-17,2411.42
2423.8541159730594,2018-10-18,2378.62
2368.672232034865,2018-10-19,2344.79
2331.4741442065133,2018-10-22,2308.56
2308.224057257542,2018-10-23,2305.58
2324.7121938800533,2018-10-24,2336.49
2324.636316127727,2018-10-25,2331.59
2305.138598244669,2018-10-26,2293.22
2310.985869405936,2018-10-29,2317.06
2305.4430089578286,2018-10-30,2299.98
2325.06875113122,2018-10-31,2352.71
2351.5708060216166,2018-11-01,2359.33
2370.177947234735,2018-11-02,2377.95
2402.3419148909225,2018-11-06,2412.31
2434.1100442166908,2018-11-07,2445.34
2446.774303862436,2018-11-08,2438.62
2432.683196626733,2018-11-09,2403.47
2420.10899784223,2018-11-12,2393.81
2397.6854223138293,2018-11-13,2374.94
2366.177075948516,2018-11-14,2378.59
2397.6854223138293,2018-11-15,2381.45
2388.626603945638,2018-11-16,2372.67
2381.6270071854638,2018-11-19,2373.78
2347.48181605962,2018-11-20,2341.6
2345.480337897263,2018-11-21,2357.97
2361.5580202270235,2018-11-22,2369.53
2351.21424877045,2018-11-23,2342.97
2322.3302728413755,2018-11-26,2308.5
2324.7121938800533,2018-11-27,2338.71
2360.086607824163,2018-11-28,2381.12
2406.0006922273387,2018-11-29,2398.56
2410.041711576109,2018-11-30,2392.5
2429.6842965014293,2018-12-03,2441.19
2446.774303862436,2018-12-04,2443.38
2446.774303862436,2018-12-05,2445.55
2437.0115052077144,2018-12-06,2412.31
2433.741159912065,2018-12-07,2431.29
2427.72594368262,2018-12-10,2396.84
2410.041711576109,2018-12-11,2394.26
2392.611711509078,2018-12-12,2370.35
2370.177947234735,2018-12-13,2378.5
2366.1211641631858,2018-12-14,2365.69
2366.1211641631858,2018-12-17,2359.13
2341.101912952377,2018-12-18,2350.29
2351.605053099172,2018-12-19,2358.58
2337.95304626398,2018-12-20,2352.88
2348.942665114249,2018-12-21,2347.17
2337.774786619175,2018-12-24,2322.27
2300.2498682138475,2018-12-25,2290.86
2310.06161589196,2018-12-26,2308.85
2327.2221658166177,2018-12-27,2327.81
2339.4788472242994,2018-12-28,2358.5
2362.54559774732,2018-12-29,2369.33
2388.01864774336,2019-01-03,2375.6
2425.649551201466,2019-01-04,2406.5
2442.2523101674083,2019-01-08,2389.69
2433.782542187565,2019-01-09,2414.13
2452.2798124166634,2019-01-10,2434.15
2460.4759252045383,2019-01-11,2444.45
2460.6756987694243,2019-01-14,2440.15
2464.944072062409,2019-01-15,2439.55
2464.944072062409,2019-01-16,2434.6
2460.4759252045383,2019-01-17,2447.64
2470.1124062925505,2019-01-18,2473.61
2485.792690243543,2019-01-21,2468.25
2484.1000131711107,2019-01-22,2468.73
2488.830108854804,2019-01-23,2491.49
2491.1637502817457,2019-01-24,2482.71
2493.8081079676585,2019-01-25,2498.23
2499.588370136148,2019-01-28,2476.81
2493.8081079676585,2019-01-29,2498.35
2518.648005585176,2019-01-30,2511.86
2528.071714649838,2019-01-31,2521.1
2526.155310284105,2019-02-01,2521.7
2537.6550673025945,2019-02-04,2523.52
2539.546040653257,2019-02-05,2547.27
2549.492731553883,2019-02-06,2539.73
2543.086049571888,2019-02-07,2509.89
2518.27912128055,2019-02-08,2502.82
2526.155310284105,2019-02-11,2510.22
2526.155310284105,2019-02-12,2533.32
2518.022930813947,2019-02-13,2485.76
2479.945887494016,2019-02-14,2460.82
2488.830108854804,2019-02-15,2490.16
2490.7305559808333,2019-02-18,2472.41
2481.638564566448,2019-02-19,2458.55
2487.433852607948,2019-02-20,2487.82
2485.792690243543,2019-02-21,2470.23
2487.433852607948,2019-02-22,2488.63
2498.2378274430957,2019-02-25,2494.63
2488.830108854804,2019-02-26,2494.02
2496.694989282234,2019-02-27,2490.65
2487.2364183035224,2019-02-28,2485.27
2486.2258845444558,2019-03-01,2478.01
2485.792690243543,2019-03-04,2473.79
2484.1000131711107,2019-03-05,2466.23
2491.757123544944,2019-03-06,2494.04
2491.1637502817457,2019-03-07,2476.64
2484.1000131711107,2019-03-11,2465.94
2485.792690243543,2019-03-12,2468.25
2479.945887494016,2019-03-13,2470.61
2484.1000131711107,2019-03-14,2457.79
2486.2258845444558,2019-03-15,2476.73
2487.2364183035224,2019-03-18,2483.7
2491.757123544944,2019-03-19,2493.28
2499.216306028997,2019-03-20,2504.23
2518.648005585176,2019-03-21,2507.81
2496.843447982126,2019-03-22,2492.7
2487.600535734556,2019-03-25,2497.59
2512.236410809858,2019-03-26,2512.63
2510.408658069417,2019-03-27,2487.48
2486.407977080573,2019-03-28,2492.4
2505.3670146133245,2019-03-29,2497.1
2512.8012045169785,2019-04-01,2521.25
2522.1307706983453,2019-04-02,2527.77
2537.7216605854424,2019-04-03,2532.32
2531.528510920653,2019-04-04,2535.5
2543.5092001059024,2019-04-05,2540.99
2552.346414550835,2019-04-08,2560.07
2558.144445597456,2019-04-09,2570.28
2582.385176027817,2019-04-10,2578.58
2575.270924108257,2019-04-11,2551.45
2552.346414550835,2019-04-12,2559.72
2546.3786215746068,2019-04-15,2545.12
2552.346414550835,2019-04-16,2559.84
2564.724287580637,2019-04-17,2568.26
2557.610035661077,2019-04-18,2560.8
2564.724287580637,2019-04-19,2563.9
2576.6998191377693,2019-04-22,2584.74
2587.9658320867875,2019-04-23,2587.48
2587.9658320867875,2019-04-24,2579.05
2581.3859901036058,2019-04-25,2560.94
2557.665947446408,2019-04-26,2563.72
2558.144445597456,2019-04-29,2569.83
2563.773890702173,2019-04-30,2559.32
2564.8563560443463,2019-05-02,2575.22
2582.385176027817,2019-05-03,2580.95
2581.3859901036058,2019-05-06,2579.75
2581.3859901036058,2019-05-07,2565.1
2557.610035661077,2019-05-08,2544.43
2536.7459608727413,2019-05-10,2514.87
2519.421588045268,2019-05-13,2508.87
2526.9044898065545,2019-05-14,2562.33
2563.2953925511247,2019-05-15,2554.49
2564.8563560443463,2019-05-16,2581.11
2587.9658320867875,2019-05-17,2577.48
2582.385176027817,2019-05-20,2571.65
2586.96543279994,2019-05-21,2616.53
2618.305476421497,2019-05-22,2638.71
2621.4632055582915,2019-05-23,2618.61
2616.95811353097,2019-05-24,2619.24
2617.734083075388,2019-05-27,2632.95
2613.623960333704,2019-05-28,2609.78
2601.6942803484026,2019-05-29,2641.15
2648.232225388483,2019-05-30,2659.52
2650.7150947565647,2019-05-31,2665.33
2668.656199113076,2019-06-03,2729.93
2719.2372554809845,2019-06-04,2706.29
2714.9275014149057,2019-06-05,2701.84
2714.9275014149057,2019-06-06,2728.25
2739.975745511733,2019-06-07,2729.61
2740.472464137581,2019-06-10,2742.59
2740.5724293662065,2019-06-11,2751.75
2746.746980599934,2019-06-13,2758.36
2761.977271422133,2019-06-14,2739.28
2743.941094859865,2019-06-17,2734.31
2745.9876979446844,2019-06-18,2761.69
2772.502775972595,2019-06-19,2759.12
2773.9125198259794,2019-06-20,2780.2
2765.4928656943694,2019-06-21,2761.23
2766.371971299434,2019-06-24,2762.65
2746.363372085786,2019-06-25,2753.96
2765.8530419776894,2019-06-26,2775.14
2768.2197740000342,2019-06-27,2779.66
2767.011805936542,2019-06-28,2765.85
2772.150800813666,2019-07-01,2801.47
2799.218811208976,2019-07-02,2809.81
2801.5957382422685,2019-07-03,2823.95
2809.940801546769,2019-07-04,2842.78
2811.335167339762,2019-07-05,2835.35
2802.513716677398,2019-07-08,2822.55
2809.940801546769,2019-07-09,2822.66
2802.513716677398,2019-07-10,2822.75
2786.602339724018,2019-07-11,2789.66
2775.924431421825,2019-07-12,2777.58
2765.938776998521,2019-07-15,2756.44
2745.2798203091265,2019-07-16,2755.88
2716.8322632322506,2019-07-17,2713.17
2708.876195769916,2019-07-18,2702.59
2711.590195462001,2019-07-19,2700.57
2697.90550481369,2019-07-22,2684.25
2698.1942878678474,2019-07-23,2701.06
2689.616451504328,2019-07-24,2682.91
2673.366899756408,2019-07-25,2701.02
2703.639939151239,2019-07-26,2715.68
2720.495110577115,2019-07-29,2728.27
2730.1827417295763,2019-07-30,2734.68
2734.048125849083,2019-07-31,2739.5
2730.1827417295763,2019-08-01,2729.42
2688.9806540431096,2019-08-02,2674.9
2649.6590456110107,2019-08-05,2649.16
2651.558304427623,2019-08-06,2683.35
2678.577580391136,2019-08-07,2674.98
2696.686119837096,2019-08-08,2696.69
2684.3124206886423,2019-08-09,2679.71
2677.715158625665,2019-08-12,2689.93
2678.6490864673065,2019-08-13,2680.12
2663.1476577681,2019-08-14,2637.04
2630.935496603566,2019-08-15,2625.58
2614.5095836692653,2019-08-16,2615.2
2620.340167735547,2019-08-19,2648.09
2651.415108422255,2019-08-20,2672.84
2655.655103384552,2019-08-21,2673.95
2655.726793313749,2019-08-22,2675.13
2655.0915992272903,2019-08-23,2660.74
2650.115007319181,2019-08-26,2658.24
2643.6683058947883,2019-08-27,2659.35
2651.558304427623,2019-08-28,2677.31
2678.071715876832,2019-08-29,2714.25
2720.495110577115,2019-08-30,2740.04
2752.0123784489347,2019-09-02,2773.01
2767.382505058501,2019-09-03,2774.2
2779.684822292183,2019-09-04,2793.36
2799.218811208976,2019-09-05,2807.06
2784.146650884269,2019-09-06,2797.55
2782.7992879937424,2019-09-09,2786.63
2770.8597628262064,2019-09-10,2787.52
2780.475685040895,2019-09-11,2817.05
2792.442447327675,2019-09-12,2799.99
2783.3557881355573,2019-09-13,2791.74
2808.993735327816,2019-09-16,2834.32
2809.940801546769,2019-09-17,2820.86
2802.513716677398,2019-09-18,2818.6
2799.1215481003683,2019-09-19,2794.77
2782.894347602077,2019-09-20,2796.41
2783.340563661537,2019-09-23,2785.46
2771.121379775473,2019-09-24,2754.53
2745.862303028661,2019-09-25,2760.29
2771.4192241959354,2019-09-26,2772.7
2772.064009705474,2019-09-27,2757.98
2751.9918861668903,2019-09-30,2747.18
2764.9917966372445,2019-10-01,2758.83
2745.556712110886,2019-10-02,2719.39
2719.516089731079,2019-10-03,2707.47
2709.549624328523,2019-10-04,2692.55
2704.245593512837,2019-10-07,2719.22
2719.516089731079,2019-10-08,2707.89
2717.716751843943,2019-10-09,2713.02
2714.9275014149057,2019-10-10,2721.51
2727.404382996404,2019-10-11,2708.07
2714.9275014149057,2019-10-14,2697.46
2709.62347059922,2019-10-15,2715.26
2726.4227302397653,2019-10-16,2744.35
2741.4619836715706,2019-10-17,2748.64
2745.365584402813,2019-10-18,2752.91
2760.54916136942,2019-10-21,2761.15
2775.18171915718,2019-10-22,2802.23
2801.508779253527,2019-10-23,2821.58
2813.837584795809,2019-10-24,2877.05
2833.790533932942,2019-10-25,2873.41
2833.790533932942,2019-10-28,2856.91
2833.790533932942,2019-10-29,2886.48
2851.8321285562524,2019-10-30,2911.15
2886.2636756199527,2019-10-31,2893.98
2851.8321285562524,2019-11-01,2930.4
2957.76613452039,2019-11-05,2949.55
2963.697927970045,2019-11-06,2980.84
2992.420771195973,2019-11-07,3008.54
2985.2360837813203,2019-11-08,2973.19
2975.120273544961,2019-11-11,2961.46
2963.697927970045,2019-11-12,2951.16
2925.65933256662,2019-11-13,2933.89
2935.874059942338,2019-11-14,2922.45
2913.1704006383643,2019-11-15,2934.82
2935.874059942338,2019-11-18,2924.48
2915.8182017046765,2019-11-19,2941.69
2931.114970665853,2019-11-20,2936.47
2952.034968576243,2019-11-21,2942.6
2952.034968576243,2019-11-22,2947.68
2963.1665216368297,2019-11-25,2955.32
2944.2530269527974,2019-11-26,2930.62
2920.9002432901348,2019-11-27,2929.05
2905.8967775760048,2019-11-28,2927.57
2900.8147359905465,2019-11-29,2935.37
2938.5218610086504,2019-12-02,2921.18
2879.4607845580026,2019-12-03,2883.48
2851.8321285562524,2019-12-04,2900.66
2870.206071326073,2019-12-05,2899.29
2891.5600227586174,2019-12-06,2928.76
2933.7627717321657,2019-12-09,2945.03
2938.5218610086504,2019-12-10,2932.4
2947.275879299758,2019-12-11,2954.4
2982.3268837660617,2019-12-12,2982.86
2988.348842224538,2019-12-13,2996.63
3005.9481101579804,2019-12-16,3006.16
3012.66080022367,2019-12-17,3013.29
3005.9481101579804,2019-12-18,3023.92
3011.268200343866,2019-12-19,3008.39
3012.66080022367,2019-12-20,3015.93
3011.268200343866,2019-12-23,3033.81
3017.9808904095557,2019-12-24,3030.59
3017.9808904095557,2019-12-25,3030.84
3017.9808904095557,2019-12-26,3031.67
3027.755794334399,2019-12-27,3050.47
3034.8535192773347,2019-12-30,3045.87
3046.534935435318,2020-01-03,3076.37
3046.534935435318,2020-01-06,3078.87
3074.665257875351,2020-01-08,3110.06
3107.5203179248665,2020-01-09,3118.08
3109.4873945652403,2020-01-10,3123.66
3112.4045366929618,2020-01-13,3151.69
3137.0826183786407,2020-01-14,3129.77
3114.7969904543656,2020-01-15,3132.63
3133.5052022179943,2020-01-16,3157.23
3153.600075466676,2020-01-17,3196.88
3205.941775235005,2020-01-20,3219.92
3186.614281659272,2020-01-21,3209.22
3170.148658057241,2020-01-22,3174.62
3142.042827903886,2020-01-23,3141.2
3134.2981822516813,2020-01-24,3146.2
3109.2962894693737,2020-01-27,3085.16
3090.064658792955,2020-01-28,3113.1
3109.613290380077,2020-01-29,3128.8
3109.4873945652403,2020-01-30,3108.58
3105.6409939321,2020-01-31,3076.65
3046.534935435318,2020-02-03,3070.84
3086.608673287772,2020-02-04,3097.6
3103.013979560251,2020-02-05,3114.25
3112.829913813992,2020-02-06,3096.68
3078.7800196609514,2020-02-07,3087.63
3063.6646161047165,2020-02-10,3062.41
3074.665257875351,2020-02-11,3097.58
3102.234129904223,2020-02-12,3122.27
3109.4873945652403,2020-02-13,3110.05
3106.691126041679,2020-02-14,3096.88
3096.5911283767077,2020-02-17,3110.06
3086.0332843219685,2020-02-18,3074.05
3092.747240310231,2020-02-19,3114.57
3112.4045366929618,2020-02-20,3125.1
3109.4873945652403,2020-02-21,3106.03
3035.9202312388597,2020-02-25,3002.68
2989.3080127527555,2020-02-26,3017.42
2963.674788030977,2020-02-27,2915.84
2794.08179142686,2020-02-28,2785.08
2774.20560590035,2020-03-02,2765.77
2803.982038229956,2020-03-03,2821.37
2797.680152289789,2020-03-04,2828.01
2824.220664989888,2020-03-05,2816.7
2734.947668304949,2020-03-06,2719.51
2547.163721012273,2020-03-10,2498.94
2513.7812618743387,2020-03-11,2492.88
2412.8213673266464,2020-03-12,2286.4
2360.76636738312,2020-03-13,2316.38
2283.9331373412283,2020-03-16,2266.9
2268.5748847974114,2020-03-17,2224.74
2220.034653276047,2020-03-18,2112.64
2201.505612010498,2020-03-19,2275.7
2380.2378646927204,2020-03-20,2331.61
2307.7433142874893,2020-03-23,2253.35
2402.702545318002,2020-03-24,2415.97
2465.780546660496,2020-03-25,2452.69
2474.676186269792,2020-03-26,2489.97
2487.130079876975,2020-03-27,2401.11
2415.0189113114247,2020-03-30,2433.35
2479.7271823666874,2020-03-31,2508.81
2481.226095529952,2020-04-01,2473.61
2515.0367942506327,2020-04-02,2545.95
2564.33768457972,2020-04-03,2572.23
2594.101475636689,2020-04-06,2622.59
2653.43207404392,2020-04-07,2634.74
2614.0431584498137,2020-04-08,2670.12
2676.198521226,2020-04-09,2701.77
2664.4956551897467,2020-04-10,2677.86
2645.157137425696,2020-04-13,2628.85
2645.528949794956,2020-04-14,2631.83
2574.9689626908053,2020-04-15,2498.94
2503.455841182579,2020-04-16,2515.05
2537.1670484474253,2020-04-17,2534.97
2531.727447639945,2020-04-20,2525.97
2486.8252165846447,2020-04-21,2488.02
2513.7929429695137,2020-04-22,2573.41
2587.2914452168307,2020-04-23,2599.41
2585.995894986534,2020-04-24,2562.03
2581.732953707286,2020-04-27,2570.91
2583.429020583206,2020-04-28,2612.24
2623.6180205171904,2020-04-29,2663.14
2671.448642547653,2020-04-30,2650.56
2615.3168016265995,2020-05-04,2624.64
2645.528949794956,2020-05-05,2653.51
2655.195117533244,2020-05-06,2632.1
2639.7124103143124,2020-05-07,2634.0
2629.198501275572,2020-05-08,2641.55
2639.7124103143124,2020-05-12,2642.04
2617.680229195272,2020-05-13,2604.98
2593.893451749437,2020-05-14,2590.31
2601.122887002293,2020-05-15,2593.91
2647.902015804939,2020-05-18,2694.25
2715.136766030745,2020-05-19,2711.72
2741.287020133017,2020-05-20,2770.79
2755.0035566664765,2020-05-21,2718.67
2709.8327352150595,2020-05-22,2709.38
2739.9504165054555,2020-05-25,2757.93
2773.751249322746,2020-05-26,2754.04
2749.519082916375,2020-05-27,2741.02
2760.466181757308,2020-05-28,2779.98
2751.6427052256668,2020-05-29,2734.83
2764.983536311842,2020-06-01,2750.24
2775.153040098066,2020-06-02,2796.51
2811.0502626996517,2020-06-03,2831.08
2790.258263693895,2020-06-04,2766.26
2774.2556820654627,2020-06-05,2792.74
2788.5801052893976,2020-06-08,2796.3
2786.203178256105,2020-06-09,2795.9
2781.960339487254,2020-06-10,2785.18
2752.83104750328,2020-06-11,2743.8
2702.400987251376,2020-06-15,2719.06
2753.9733191688056,2020-06-16,2748.3
2763.8999845351823,2020-06-17,2740.1
2733.9334374628943,2020-06-18,2724.33
2749.458993342295,2020-06-19,2758.67
2754.224867255494,2020-06-22,2763.29
2774.263653088569,2020-06-23,2791.97
2768.1708391790985,2020-06-25,2760.75
2767.092483521385,2020-06-26,2761.74
2749.397244725405,2020-06-29,2767.95
2767.092483521385,2020-06-30,2743.2
2774.263653088569,2020-07-02,2788.79
2781.960339487254,2020-07-03,2801.66
2811.6966199387616,2020-07-06,2835.18
2811.997328918604,2020-07-07,2825.21
2803.9238868101224,2020-07-08,2815.83
2786.203178256105,2020-07-09,2782.43
2774.2556820654627,2020-07-10,2800.94
2786.203178256105,2020-07-13,2766.79
2736.4073366121947,2020-07-14,2744.54
2748.743865884965,2020-07-15,2747.91
2749.458993342295,2020-07-16,2760.01
2774.0694883214064,2020-07-17,2774.79
2775.0158620348307,2020-07-20,2802.24
2811.0502626996517,2020-07-21,2825.71
2811.997328918604,2020-07-22,2834.65
2823.9947156902517,2020-07-23,2851.79
2813.837584795809,2020-07-24,2863.12
2843.5300406889496,2020-07-27,2884.88
2851.8321285562524,2020-07-28,2895.45
2873.1860799887963,2020-07-29,2918.42
2879.4607845580026,2020-07-30,2882.63
2884.5949358288726,2020-07-31,2911.57
2907.6176270524966,2020-08-03,2929.97
2920.9002432901348,2020-08-04,2940.46
2970.8693495524126,2020-08-05,2992.78
2988.1910954271484,2020-08-06,2988.5
2988.1910954271484,2020-08-07,2972.35
2979.459422085508,2020-08-10,2960.78
2974.941278523848,2020-08-11,3005.63
3002.929186965684,2020-08-12,3053.99
3032.6447759207117,2020-08-13,3080.44
2987.726232142917,2020-08-14,3061.99
3038.840552660268,2020-08-17,3052.46
3031.431310835701,2020-08-18,3050.7
3018.331131807553,2020-08-19,3056.54
3013.902300263924,2020-08-20,2993.69
3007.0257393364022,2020-08-21,2995.61
3005.633139456598,2020-08-24,3029.42
3017.691901903502,2020-08-25,3029.05
3017.691901903502,2020-08-26,3051.97
3013.902300263924,2020-08-27,3012.01
3007.0257393364022,2020-08-28,2980.17
2986.7857103087053,2020-08-31,2966.2
2979.459422085508,2020-09-01,2975.0
2976.8913080108887,2020-09-02,2956.5
2938.7377642059314,2020-09-03,2931.92
2918.2524422238225,2020-09-04,2921.55
2928.680730146707,2020-09-07,2932.29
2914.520108509794,2020-09-08,2888.79
2843.5300406889496,2020-09-09,2876.07
2834.6157431001784,2020-09-10,2897.55
2851.8321285562524,2020-09-11,2910.51
2907.6176270524966,2020-09-14,2928.38
2957.966762025898,2020-09-15,2980.58
2969.4852126576934,2020-09-16,2975.01
2972.252811864407,2020-09-17,2971.74
3000.8531604915506,2020-09-18,2951.79
2944.016569498205,2020-09-21,2863.67
2893.365908819458,2020-09-22,2884.66
2971.545358200885,2020-09-23,2916.39
2927.8573410983904,2020-09-24,2912.76
2922.304567512523,2020-09-25,2896.83
2949.04909666314,2020-09-28,2927.17
2956.7774738343,2020-09-29,2910.12
2943.6585189450666,2020-09-30,2905.81
2922.304567512523,2020-10-01,2889.8
2863.466315207288,2020-10-02,2852.42
2885.889030119392,2020-10-05,2881.98
2903.9306247427025,2020-10-06,2892.99
2877.9514741851794,2020-10-07,2842.58
2863.466315207288,2020-10-08,2846.39
2863.466315207288,2020-10-09,2834.09
2865.9360809822588,2020-10-12,2846.14
2863.466315207288,2020-10-13,2829.23
2862.071949414294,2020-10-14,2856.08
2863.466315207288,2020-10-15,2817.29
2840.6798056372927,2020-10-16,2799.54
2838.185364433644,2020-10-19,2794.27
2825.569287557602,2020-10-20,2803.06
2829.8313924225918,2020-10-21,2786.23
2826.1895143630404,2020-10-22,2803.17
2850.915743769383,2020-10-23,2816.7
2838.15627664982,2020-10-26,2785.59
2818.681135008247,2020-10-27,2763.03
2744.465065383182,2020-10-28,2693.46
2752.742893821758,2020-10-29,2709.04
2723.566833857822,2020-10-30,2690.59
2720.7126933371364,2020-11-02,2737.54
2803.0098270672243,2020-11-03,2786.42
2857.930714580626,2020-11-05,2861.39
2868.127626329842,2020-11-06,2895.62
2971.545358200885,2020-11-09,2987.75
3030.528807732886,2020-11-10,2998.61
3063.366696530313,2020-11-11,3015.03
3055.3166716581845,2020-11-12,3025.83
3063.366696530313,2020-11-13,3025.22
3094.167934634005,2020-11-16,3079.74
3102.4696106086726,2020-11-17,3052.22
3081.0677556058563,2020-11-18,3080.68
3085.856744606059,2020-11-19,3046.49
3079.8542905208465,2020-11-20,3051.04
3100.3637113735613,2020-11-23,3047.06
3104.8292083613223,2020-11-24,3095.84
3152.3655494502977,2020-11-25,3134.52
3172.5768861256024,2020-11-26,3138.62
3167.293494070059,2020-11-27,3142.68
3167.431718818452,2020-11-30,3107.58
3160.9053070324394,2020-12-01,3147.79
3193.6557007064803,2020-12-02,3189.61
3200.9744235624707,2020-12-03,3162.67
3211.069252848813,2020-12-04,3184.72
3213.352644516874,2020-12-07,3195.08
3205.751708013976,2020-12-08,3179.61
3230.188415961424,2020-12-09,3211.66
3249.423633083329,2020-12-10,3258.31
3283.294373867619,2020-12-11,3276.58
3299.5802148806324,2020-12-14,3254.83
3282.917100363856,2020-12-15,3248.11
3282.917100363856,2020-12-16,3269.95
3294.0315539888006,2020-12-17,3282.67
3289.771537448194,2020-12-18,3273.75
3228.584985552791,2020-12-21,3186.38
3214.354777969747,2020-12-22,3236.46
3268.7452938775778,2020-12-23,3252.1
3281.757968956891,2020-12-24,3236.88
3276.597766978651,2020-12-25,3246.35
3284.305039891664,2020-12-28,3258.95
3288.393165663564,2020-12-29,3274.67
3294.514752811592,2020-12-30,3289.02
3372.536429866741,2021-01-04,3350.51
3379.711676802377,2021-01-05,3359.15
3386.2505073654684,2021-01-06,3371.03
3416.817018946535,2021-01-08,3454.82
3471.7404883165,2021-01-11,3482.48
3485.738310258046,2021-01-12,3471.65
3477.901584975497,2021-01-13,3470.26
3477.901584975497,2021-01-14,3490.85
3483.011981788588,2021-01-15,3450.95
3458.925315454571,2021-01-18,3471.92
3471.261692571027,2021-01-19,3443.23
3466.3284722278763,2021-01-20,3466.8
3465.1005959120303,2021-01-21,3422.67
3399.1845986917983,2021-01-22,3382.92
3404.8114057750963,2021-01-25,3397.48
3404.8114057750963,2021-01-26,3390.76
3393.294056434976,2021-01-27,3343.62
3379.711676802377,2021-01-28,3342.01
3336.0264318677305,2021-01-29,3277.08
3328.269773954876,2021-02-01,3291.14
3378.604073238804,2021-02-02,3360.25
3386.2505073654684,2021-02-03,3343.46
3386.2505073654684,2021-02-04,3372.0
3404.8114057750963,2021-02-05,3392.73
3426.0756989739,2021-02-08,3445.9
3459.3613079901743,2021-02-09,3426.86
3433.249004654545,2021-02-10,3399.66
3404.8114057750963,2021-02-11,3414.32
3404.493602027709,2021-02-12,3427.08
3463.8395229240946,2021-02-15,3481.9
3483.344045378447,2021-02-16,3495.26
3476.044817550886,2021-02-17,3436.8
3433.249004654545,2021-02-18,3400.17
3416.817018946535,2021-02-19,3457.68
3465.211469700688,2021-02-20,3446.32
3458.1192478758658,2021-02-22,3433.93
3423.99032462718,2021-02-24,3385.48
3404.8114057750963,2021-02-25,3409.76
3386.7552258718847,2021-02-26,3346.64
3386.2505073654684,2021-03-01,3386.16
3404.8114057750963,2021-03-02,3410.1
3438.558007990456,2021-03-03,3416.04
3393.294056434976,2021-03-04,3397.56
3393.294056434976,2021-03-05,3414.13
3440.059269359208,2021-03-09,3478.72
3483.344045378447,2021-03-10,3463.06
3483.344045378447,2021-03-11,3508.51
3533.0841543804763,2021-03-12,3539.5
3567.661534883541,2021-03-15,3584.49
3586.315925154565,2021-03-16,3589.83
3540.64908051955,2021-03-17,3507.91
3514.9197392929223,2021-03-18,3504.85
3477.178156962824,2021-03-19,3475.26
3477.5102205526823,2021-03-22,3489.07
3482.620617365773,2021-03-23,3467.21
3472.0677601497323,2021-03-24,3485.33
3464.405402121983,2021-03-25,3439.3
3478.996569253845,2021-03-26,3489.83
3509.4279560700315,2021-03-29,3529.33
3521.137312329045,2021-03-30,3525.23
3533.0841543804763,2021-03-31,3541.72
3544.9287687823307,2021-04-01,3527.54
3546.749759550732,2021-04-02,3558.22
3536.122996080836,2021-04-05,3524.93
3514.9197392929223,2021-04-06,3493.89
3490.848707071138,2021-04-07,3500.34
3497.37914990411,2021-04-08,3507.83
3500.476668247401,2021-04-09,3486.03
3502.89751323706,2021-04-12,3522.65
3521.137312329045,2021-04-13,3526.3
3561.00872024536,2021-04-14,3576.89
3567.5102493910754,2021-04-15,3568.51
3589.514253348585,2021-04-16,3598.44
3603.399805873709,2021-04-19,3574.08
3572.4791007773592,2021-04-20,3552.41
3556.875610833762,2021-04-21,3561.72
3589.514253348585,2021-04-22,3600.35
3610.266840586962,2021-04-23,3597.17
3621.5826619464897,2021-04-26,3610.98
3621.5826619464897,2021-04-27,3600.6
3614.715627233236,2021-04-28,3578.12
3594.994451843929,2021-04-29,3571.05
3566.704294688807,2021-04-30,3544.0
3566.1657201421067,2021-05-04,3577.21
3619.95484251252,2021-05-05,3643.56
3652.812584317078,2021-05-06,3658.27
3682.6921975210353,2021-05-07,3682.69
3695.8532820167966,2021-05-10,3694.78
3656.3348330296863,2021-05-11,3652.05
3652.812584317078,2021-05-12,3654.14
3644.868910626128,2021-05-13,3637.38
3648.9402301787086,2021-05-14,3637.6
3648.9402301787086,2021-05-17,3639.61
3688.4586791658185,2021-05-18,3687.96
3674.7829354700016,2021-05-19,3634.76
3642.389075443536,2021-05-20,3636.16
3644.460126693411,2021-05-21,3660.48
3675.334128326606,2021-05-24,3662.51
3695.8532820167966,2021-05-25,3686.76
3710.607384218099,2021-05-26,3711.05
3739.599320506921,2021-05-27,3738.68
3743.003374803649,2021-05-28,3730.55
3738.607402854843,2021-05-31,3721.63
3750.589131634732,2021-06-01,3764.59
3789.74301949056,2021-06-02,3817.68
3794.0915383265337,2021-06-03,3805.45
3793.2931625051046,2021-06-04,3807.43
3809.181578444112,2021-06-07,3822.21
3809.181578444112,2021-06-08,3807.43
3831.8838392689686,2021-06-09,3843.28
3830.70036315323,2021-06-10,3827.71
3834.372983408418,2021-06-11,3841.53
3848.8596862081786,2021-06-14,3860.18
3832.086999881951,2021-06-15,3822.4
3819.294777179596,2021-06-16,3829.67
3809.181578444112,2021-06-17,3819.07
3799.881252914608,2021-06-18,3802.95
3808.916721177255,2021-06-21,3813.45
3819.294777179596,2021-06-22,3821.68
3835.7795072774006,2021-06-23,3837.15
3831.8838392689686,2021-06-24,3823.44
3824.373921303767,2021-06-25,3831.84
3835.7795072774006,2021-06-28,3825.57
3806.709165902405,2021-06-29,3790.85
3828.333696254424,2021-06-30,3841.85
3856.286989037255,2021-07-01,3858.32
3856.286989037255,2021-07-02,3865.42
3879.527007981717,2021-07-05,3882.59
3886.839095346655,2021-07-06,3884.3
3887.9464507475495,2021-07-07,3895.1
3857.319563749125,2021-07-08,3861.08
3859.75611575506,2021-07-09,3855.31
3859.75611575506,2021-07-12,3875.61
3865.619767023819,2021-07-13,3877.03
3839.4521275325887,2021-07-14,3832.85
3809.181578444112,2021-07-15,3799.97
3783.713482324192,2021-07-16,3770.15
3734.902438275568,2021-07-19,3693.42
3700.5501642481495,2021-07-20,3704.4
3735.2839227131017,2021-07-21,3722.96
3750.851478798719,2021-07-22,3754.44
3753.993185931459,2021-07-23,3734.54
3747.447424501991,2021-07-26,3750.1
3743.003374803649,2021-07-27,3733.1
3761.8412899265295,2021-07-28,3782.28
3802.328630767752,2021-07-29,3804.33
3782.871632894394,2021-07-30,3771.58
3792.215432032268,2021-08-02,3788.1
3791.93911745572,2021-08-03,3793.69
3808.916721177255,2021-08-04,3810.62
3824.373921303767,2021-08-05,3833.75
3822.967397434785,2021-08-06,3805.36
3831.8838392689686,2021-08-09,3835.11
3856.286989037255,2021-08-10,3862.32
3863.2374890587153,2021-08-11,3877.37
3883.0083812853727,2021-08-12,3888.86
3869.109400389819,2021-08-13,3873.0
3906.498886506711,2021-08-16,3895.31
3917.288360651798,2021-08-17,3943.01
3945.987774060556,2021-08-18,3925.17
3872.814643785056,2021-08-19,3853.98
3847.279342741605,2021-08-20,3832.7
3879.539254567568,2021-08-23,3883.01
3890.328728712654,2021-08-24,3888.87
3888.880292616476,2021-08-25,3886.64
3853.838190445469,2021-08-26,3851.57
3879.539254567568,2021-08-27,3887.38
3930.423832305832,2021-08-30,3928.5
3945.987774060556,2021-08-31,3918.96
3955.5431052314034,2021-09-01,3971.02
4001.4048385757537,2021-09-02,3990.77
3973.1396820104783,2021-09-03,4001.7
4014.228666287466,2021-09-06,4028.25
4014.228666287466,2021-09-07,4010.16
4014.228666287466,2021-09-08,4017.37
4007.102486145727,2021-09-09,3993.56
4001.4048385757537,2021-09-10,4002.66
4014.228666287466,2021-09-13,4041.16
4065.2742253077863,2021-09-14,4055.7
4065.2742253077863,2021-09-15,4065.53
4051.941359011503,2021-09-16,4045.1
4015.8552709691535,2021-09-17,4035.17
3964.581726601105,2021-09-20,3969.61
3958.843848181517,2021-09-21,3970.48
3995.674880460726,2021-09-22,4030.98
4036.0609719146714,2021-09-23,4052.14
4047.683407013725,2021-09-24,4038.23
4051.941359011503,2021-09-27,4081.22
4051.086829163133,2021-09-28,4065.46
4047.683407013725,2021-09-29,4058.37
4051.941359011503,2021-09-30,4103.52
4064.433475617414,2021-10-01,4086.99
4111.8318688393465,2021-10-04,4112.72
4190.165413035516,2021-10-05,4223.85
4164.105900024848,2021-10-06,4171.71
4203.619918679575,2021-10-07,4228.02
4222.614740162486,2021-10-08,4238.0
4225.435703818266,2021-10-11,4279.87
4225.435703818266,2021-10-12,4263.8
4225.435703818266,2021-10-13,4243.92
4225.435703818266,2021-10-14,4259.13
4225.435703818266,2021-10-15,4261.82
4225.435703818266,2021-10-18,4248.33
4225.435703818266,2021-10-19,4276.26
4225.435703818266,2021-10-20,4287.52
4207.104527424058,2021-10-21,4218.63
4204.283563768278,2021-10-22,4196.96
4222.614740162486,2021-10-25,4254.98
4225.435703818266,2021-10-26,4235.87
4207.104527424058,2021-10-27,4229.53
4182.0232220708585,2021-10-28,4189.66
4128.391052683369,2021-10-29,4150.0
4193.901957615528,2021-11-01,4221.49
4204.283563768278,2021-11-02,4207.53
4141.845558327428,2021-11-03,4184.87
4131.718864038385,2021-11-05,4174.76
4203.619918679575,2021-11-08,4218.27
4204.283563768278,2021-11-09,4187.33
4138.109013747416,2021-11-10,4172.47
4167.905071338096,2021-11-11,4189.35
4128.391052683369,2021-11-12,4121.66
4127.727407594666,2021-11-15,4135.14
4127.727407594666,2021-11-16,4120.02
4127.727407594666,2021-11-17,4149.02
4114.394541298381,2021-11-18,4093.85
4043.123984681145,2021-11-19,4016.47
3899.395369613581,2021-11-22,3872.77
3901.355137242932,2021-11-23,3960.33
3940.450091956307,2021-11-24,3950.56
3928.178972847136,2021-11-25,3947.82
3825.158390466335,2021-11-26,3810.98
3849.949476283356,2021-11-29,3879.54
3843.6189690722663,2021-11-30,3890.59
3913.798727285799,2021-12-01,3959.29
3931.884216242373,2021-12-02,3947.54
3908.4080806204784,2021-12-03,3913.06
3829.075978510013,2021-12-06,3810.1
3828.247313481696,2021-12-07,3873.2
3812.565275125808,2021-12-08,3773.61
3793.935635409395,2021-12-09,3813.29
3772.827430934164,2021-12-10,3760.23
3706.604820238754,2021-12-13,3618.31
3593.151317364066,2021-12-14,3619.39
3630.126111954439,2021-12-15,3621.82
3694.328666758058,2021-12-16,3750.36
3717.704445867143,2021-12-17,3723.27
3646.3249692784657,2021-12-20,3669.05
3659.2169426757737,2021-12-21,3693.02
3708.1844049070737,2021-12-22,3746.75
3713.916937284238,2021-12-23,3704.6
3673.71115768191,2021-12-24,3702.72
3708.1844049070737,2021-12-27,3740.63
3745.508795117201,2021-12-28,3777.56
3734.169362541555,2021-12-29,3741.07
3745.508795117201,2021-12-30,3787.26
3794.341287913968,2022-01-03,3852.5
3825.770213875822,2022-01-04,3873.49
3797.6683831752703,2022-01-05,3815.05
3737.719505556101,2022-01-06,3753.29
3756.4009046610176,2022-01-07,3772.04
3738.561354985898,2022-01-10,3738.68
3756.4009046610176,2022-01-11,3785.29
3786.087531414325,2022-01-12,3829.95
3718.419309836013,2022-01-13,3674.73
3605.964793347372,2022-01-14,3596.98
3540.154313658587,2022-01-17,3560.35
3428.958316198358,2022-01-18,3328.94
3338.701143257941,2022-01-19,3436.82
3446.723896662477,2022-01-20,3516.02
3435.116250171874,2022-01-21,3439.25
3290.482342129785,2022-01-24,3235.28
3322.162044449456,2022-01-25,3258.74
3361.766689726288,2022-01-26,3357.66
3377.9191639333008,2022-01-27,3455.93
3457.3556002950263,2022-01-28,3488.6
3498.794428325726,2022-01-31,3530.38
3524.125494717795,2022-02-01,3548.17
3515.503983679348,2022-02-02,3543.8
3468.290236683658,2022-02-03,3471.18
3474.846866863897,2022-02-04,3471.01
3457.3556002950263,2022-02-07,3470.78
3493.38292286831,2022-02-08,3551.65
3563.631781967605,2022-02-09,3638.93
3594.254783060497,2022-02-10,3655.76
3546.12698477224,2022-02-11,3546.62
3455.842985778543,2022-02-14,3481.38
3510.916317263959,2022-02-15,3600.29
3619.6880173199206,2022-02-16,3646.41
3543.6500592262746,2022-02-17,3511.08
3459.8751720314085,2022-02-18,3393.31
3206.872585448932,2022-02-21,3036.88
3000.979387232066,2022-02-22,3084.74
2166.890467777332,2022-02-24,2058.12
2324.9740827828587,2022-02-25,2470.48
2516.772843344377,2022-03-24,2578.51
2532.469643020934,2022-03-25,2484.13
2433.074007234241,2022-03-28,2430.7
2414.9943557082056,2022-03-29,2408.49
2417.7716543701545,2022-03-30,2513.03
2566.2519267038165,2022-03-31,2703.51
2789.7440949795523,2022-04-01,2759.64
2799.9690542033422,2022-04-04,2787.69
2727.5577830241814,2022-04-05,2662.79
2623.0444134037803,2022-04-06,2611.43
2612.5052726105973,2022-04-07,2635.39
2619.105223635553,2022-04-08,2592.72
2551.3157137895005,2022-04-11,2557.16
2468.0427768456925,2022-04-12,2540.99
2488.622004000963,2022-04-13,2528.42
2453.6456714290857,2022-04-14,2404.73
2382.017356207132,2022-04-15,2424.99
2398.851678217922,2022-04-18,2342.63
2279.773392329972,2022-04-19,2317.46
2300.002156292958,2022-04-20,2330.73
2286.1388286486317,2022-04-21,2271.05
2256.827619553133,2022-04-22,2232.23
2199.5550197918224,2022-04-25,2186.22
2261.210610198957,2022-04-26,2318.46
2334.0466724774174,2022-04-27,2424.28
2421.643482079715,2022-04-28,2383.66
2394.227135765821,2022-04-29,2445.17
2416.4354265155325,2022-05-04,2373.16
2377.497462905756,2022-05-05,2404.8
2394.4938554113887,2022-05-06,2393.03
2376.571635523664,2022-05-11,2387.14
2320.460666354993,2022-05-12,2297.89
2286.993645139661,2022-05-13,2307.5
2311.945235329859,2022-05-16,2364.6
2377.497462905756,2022-05-17,2424.1
2418.716467389575,2022-05-18,2445.3
2416.4354265155325,2022-05-19,2436.57
2407.3766081473414,2022-05-20,2373.26
2323.859476988804,2022-05-23,2301.85
2264.7939229500835,2022-05-24,2293.62
2295.0996786321284,2022-05-25,2340.18
2341.720033087909,2022-05-26,2413.06
2403.771166869787,2022-05-27,2407.59
2403.771166869787,2022-05-30,2400.39
2372.570764237445,2022-05-31,2355.75
2341.8000653418185,2022-06-01,2374.6
2341.765818264263,2022-06-02,2340.17
2300.6934213978784,2022-06-03,2308.03
2277.8591307315305,2022-06-06,2282.16
2259.326747937247,2022-06-07,2291.62
2298.035810878293,2022-06-08,2318.85
2281.126971090576,2022-06-09,2293.99
2272.588363751293,2022-06-10,2285.52
2267.10266249847,2022-06-14,2289.75
2285.661849038751,2022-06-15,2318.96
2310.8850358421187,2022-06-16,2369.75
2341.4102418317166,2022-06-17,2353.98
2360.519482104455,2022-06-20,2404.4
2381.6273844795214,2022-06-21,2358.81
2322.506608465373,2022-06-22,2373.52
2360.519482104455,2022-06-23,2404.54
2389.7380712565146,2022-06-24,2391.51
2380.57876851904,2022-06-27,2417.06
2402.304019974321,2022-06-28,2408.75
2389.3733738965693,2022-06-29,2378.55
2290.036893841638,2022-06-30,2204.85
2196.87945918494,2022-07-01,2206.61
2224.078069174483,2022-07-04,2204.66
2222.134804255032,2022-07-05,2226.64
2234.5608225937744,2022-07-06,2221.88
2233.3947322534427,2022-07-07,2226.65
2229.241950142126,2022-07-08,2222.51
2186.5034128804014,2022-07-11,2162.34
2155.166844937217,2022-07-12,2133.77
2113.871984281931,2022-07-13,2073.68
2097.2805501956896,2022-07-14,2063.3
2099.080404555298,2022-07-15,2109.52
2118.762082191501,2022-07-18,2096.42
2100.301447584201,2022-07-19,2071.28
2104.871236945543,2022-07-20,2075.24
2081.54298011892,2022-07-21,2053.64
2099.012630358289,2022-07-22,2096.75
2117.809824407276,2022-07-25,2128.96
2167.178600371987,2022-07-26,2192.42
2222.134804255032,2022-07-27,2196.22
2198.544353767777,2022-07-28,2189.16
2216.9477662805693,2022-07-29,2213.81
2210.801882975928,2022-08-01,2180.09
2173.215159355029,2022-08-02,2137.3
2154.058183174957,2022-08-03,2123.92
2134.027026278449,2022-08-04,2116.58
2107.526835060939,2022-08-05,2054.29
2117.397355370779,2022-08-08,2088.4
2109.51262567037,2022-08-09,2136.8
2154.671481108475,2022-08-10,2151.5
2162.212500954452,2022-08-11,2133.11
2140.4658263261617,2022-08-12,2147.33
2176.527111790105,2022-08-15,2165.12
2198.544353767777,2022-08-16,2208.33
2222.134804255032,2022-08-17,2188.56
2210.801882975928,2022-08-18,2194.31
2210.801882975928,2022-08-19,2195.16
2222.134804255032,2022-08-22,2228.11
2235.240889493308,2022-08-23,2260.08
2236.406979833639,2022-08-24,2248.22
2236.406979833639,2022-08-25,2246.34
2236.9036984594877,2022-08-26,2268.89
2260.5036749978603,2022-08-29,2296.33
2282.0070706448287,2022-08-30,2306.62
2358.046627829181,2022-08-31,2400.08
2398.3347531304803,2022-09-01,2445.77
2420.5371829362984,2022-09-02,2471.45
2432.0633412101965,2022-09-05,2488.44
2432.0633412101965,2022-09-06,2425.33
2406.6323285553026,2022-09-07,2401.57
2384.61978786781,2022-09-08,2390.27
2384.61978786781,2022-09-09,2426.06
2416.013124293098,2022-09-12,2449.65
2425.408912583021,2022-09-13,2446.89
2411.156387198503,2022-09-14,2435.89
2415.424760491488,2022-09-15,2446.59
2420.5371829362984,2022-09-16,2435.18
2410.900701848286,2022-09-19,2430.54
2298.638578112796,2022-09-20,2215.67
2127.106831591829,2022-09-21,2130.71
2167.178600371987,2022-09-22,2190.87
2139.7044552789507,2022-09-23,2089.87
2003.0563638931592,2022-09-26,1933.35
1980.1246224496667,2022-09-27,1953.46
2004.5149074778328,2022-09-28,1963.86
1995.676803453318,2022-09-29,1953.77
1966.0705841603767,2022-09-30,1957.31
2020.8690367342317,2022-10-03,2041.96
2094.23858602697,2022-10-04,2046.42
2047.5592948637,2022-10-05,2029.88
2061.30487119965,2022-10-06,2020.63
2025.783862863958,2022-10-07,1944.75
1874.8968339810967,2022-10-10,1916.97
1965.76785550444,2022-10-11,1949.46
1987.8407892975524,2022-10-12,1951.65
1991.8667815560384,2022-10-13,1955.2
1987.8407892975524,2022-10-14,1950.98
2006.157958175588,2022-10-17,2012.85
2055.488974938369,2022-10-18,2032.4
2010.3285792983145,2022-10-19,1978.4
2037.4184383578345,2022-10-20,2025.51
2060.0259767232224,2022-10-21,2043.71
2099.1363163406286,2022-10-24,2063.95
2109.1496596862407,2022-10-25,2130.65
2137.151481689315,2022-10-26,2120.58
2154.44519900185,2022-10-27,2164.64
2171.2213316332195,2022-10-28,2167.7
2187.8507757709285,2022-10-31,2166.61
2191.55507946366,2022-11-01,2174.35
2191.55507946366,2022-11-02,2173.84
2161.934179657811,2022-11-03,2155.92
2197.39619189942,2022-11-07,2208.78
2223.516200452153,2022-11-08,2207.2
2196.87945918494,2022-11-09,2166.56
2192.936475660781,2022-11-10,2210.02
2231.288553226946,2022-11-11,2217.44
2248.058798033232,2022-11-14,2244.77
2242.3381073940163,2022-11-15,2223.26
2235.9612590281085,2022-11-16,2227.19
2231.288553226946,2022-11-17,2212.93
2223.516200452153,2022-11-18,2206.32
2191.55507946366,2022-11-21,2166.31
2198.544353767777,2022-11-22,2196.04
2218.994369365389,2022-11-23,2211.89
2235.4413353382624,2022-11-24,2210.95
2224.078069174483,2022-11-25,2195.17
2196.87945918494,2022-11-28,2177.45
2210.801882975928,2022-11-29,2185.32
2199.0960067184164,2022-11-30,2174.53
2216.9477662805693,2022-12-01,2187.29
2199.0960067184164,2022-12-02,2180.44
2212.1832791730494,2022-12-05,2208.28
2222.6315228808803,2022-12-06,2196.24
2196.87945918494,2022-12-07,2192.88
2210.801882975928,2022-12-08,2184.43
2198.544353767777,2022-12-09,2177.85
2196.87945918494,2022-12-12,2173.16
2187.8507757709285,2022-12-13,2174.38
2187.8507757709285,2022-12-14,2159.81
2157.924430333591,2022-12-15,2126.8
2141.4328025419454,2022-12-16,2132.75
2137.2507236901843,2022-12-19,2129.98
2106.4930867789103,2022-12-20,2119.37
2132.9642663919394,2022-12-21,2116.13
2140.085439651418,2022-12-22,2122.91
2139.115429312425,2022-12-23,2124.02
2142.565636737859,2022-12-26,2139.21
2168.709454883524,2022-12-27,2150.92
2168.709454883524,2022-12-28,2139.77
2156.536890222564,2022-12-29,2147.06
2170.5223615625955,2022-12-30,2154.12
2188.473868447541,2023-01-03,2172.68
2196.87945918494,2023-01-04,2168.42
2187.8507757709285,2023-01-05,2156.67
2181.427200960994,2023-01-06,2156.39
2193.7982481688214,2023-01-09,2163.5
2187.8507757709285,2023-01-10,2159.51
2187.8507757709285,2023-01-11,2186.98
2210.801882975928,2023-01-12,2185.93
2216.9477662805693,2023-01-13,2199.94
2229.7386687679746,2023-01-16,2224.9
2224.078069174483,2023-01-17,2196.84
2210.801882975928,2023-01-18,2196.26
2196.87945918494,2023-01-19,2168.83
2187.8507757709285,2023-01-20,2166.69
2196.87945918494,2023-01-23,2185.31
2199.0960067184164,2023-01-24,2172.75
2191.55507946366,2023-01-25,2170.15
2196.87945918494,2023-01-26,2166.92
2196.87945918494,2023-01-27,2189.35
2222.134804255032,2023-01-30,2204.41
2229.7386687679746,2023-01-31,2225.6
2236.6222856904287,2023-02-01,2230.15
2244.184264633881,2023-02-02,2243.54
2242.3381073940163,2023-02-03,2248.3
2251.071045613428,2023-02-06,2272.37
2264.3910406705586,2023-02-07,2267.69
2248.416728701712,2023-02-08,2251.97
2251.071045613428,2023-02-09,2262.45
2253.3386439221163,2023-02-10,2261.58
2258.8469601746515,2023-02-13,2264.27
2236.6222856904287,2023-02-14,2232.23
2196.87945918494,2023-02-15,2166.46
2187.8507757709285,2023-02-16,2153.96
2184.7695647548107,2023-02-17,2168.88
2180.955685696751,2023-02-20,2183.57
2216.9477662805693,2023-02-21,2212.42
2224.078069174483,2023-02-22,2212.4
2229.241950142126,2023-02-24,2208.03
2224.181407339852,2023-02-27,2241.1
2247.124079346933,2023-02-28,2253.16
2261.745367092595,2023-03-01,2279.65
2254.5338168398607,2023-03-02,2254.3
2257.285610188612,2023-03-03,2272.2
2279.781479059654,2023-03-06,2294.12
2276.0579928554703,2023-03-07,2295.6
2271.9787607524336,2023-03-09,2290.14
2264.0537949203203,2023-03-10,2276.25
2262.8296906845185,2023-03-13,2269.47
2265.293823894178,2023-03-14,2290.32
2267.2452443766165,2023-03-15,2262.07
2248.290169687265,2023-03-16,2258.22
2290.6542883550724,2023-03-17,2322.78
2397.848856812472,2023-03-20,2397.16
2459.335558584607,2023-03-21,2398.15
2436.9119830562063,2023-03-22,2393.88
2436.9119830562063,2023-03-23,2388.35
2436.9119830562063,2023-03-24,2391.53
2458.714864288172,2023-03-27,2440.68
2480.0732449421635,2023-03-28,2442.19
2485.1856673869743,2023-03-29,2460.87
2490.1474189417177,2023-03-30,2465.93
2495.01914858844,2023-03-31,2450.67
2495.904199783224,2023-04-03,2473.32
2503.7929660281065,2023-04-04,2480.45
2503.7929660281065,2023-04-05,2500.8
2528.2869346478988,2023-04-06,2498.3
2527.7936470169498,2023-04-07,2508.39
2544.485159620981,2023-04-10,2547.35
2568.967617380161,2023-04-11,2533.69
2554.122664354324,2023-04-12,2538.47
2556.9920858230284,2023-04-13,2544.28
2558.6383729856566,2023-04-14,2554.85
2592.194816011999,2023-04-17,2596.11
2608.5975846907563,2023-04-18,2615.62
2614.6539943803305,2023-04-19,2606.55
2608.8277731274334,2023-04-20,2637.85
2642.56558333425,2023-04-21,2639.95
2627.6274524098326,2023-04-24,2635.43
2641.99418998814,2023-04-25,2626.86
2626.8797245071614,2023-04-26,2620.33
2627.451117853271,2023-04-27,2646.18
2639.736460302313,2023-04-28,2634.94
2620.538818383658,2023-05-02,2580.51
2590.0129600707533,2023-05-03,2532.42
2546.8007087343685,2023-05-04,2524.51
2558.6383729856566,2023-05-05,2538.24
2546.8007087343685,2023-05-08,2527.59
2513.278601957542,2023-05-10,2548.63
2592.194816011999,2023-05-11,2595.12
2595.9807530469816,2023-05-12,2565.17
2597.4584371222413,2023-05-15,2611.07
2648.618181537156,2023-05-16,2633.71
2642.56558333425,2023-05-17,2634.48
2654.67459122673,2023-05-18,2632.91
2626.8797245071614,2023-05-19,2626.16
2654.67459122673,2023-05-22,2633.26
2633.4439918904764,2023-05-23,2641.66
2654.67459122673,2023-05-24,2654.99
2657.157460594812,2023-05-25,2649.98
2667.0440345585444,2023-05-26,2682.03
2718.769112030994,2023-05-29,2732.0
2723.794308596586,2023-05-30,2698.75
2699.798150819563,2023-05-31,2717.64
2731.4509815918896,2023-06-01,2721.73
2718.4902777809,2023-06-02,2719.48
2709.6907699514218,2023-06-05,2694.14
2681.6958270143,2023-06-06,2681.25
2694.134816598227,2023-06-07,2694.69
2713.391234944612,2023-06-08,2709.69
2726.862393275717,2023-06-09,2708.04
2735.56837167154,2023-06-13,2757.28
2781.012038092945,2023-06-14,2765.18
2782.0626091682275,2023-06-15,2800.17
2807.4044968267503,2023-06-16,2800.79
2807.930564834081,2023-06-19,2815.07
2799.831179410957,2023-06-20,2803.69
2814.677840931558,2023-06-21,2819.3
2815.850405954616,2023-06-22,2815.83
2794.903751519865,2023-06-23,2795.06
2785.757449001924,2023-06-26,2757.13
2778.052791580133,2023-06-27,2776.63
2787.199094098074,2023-06-28,2780.92
2795.7000316207664,2023-06-29,2796.41
2799.3709974641406,2023-06-30,2797.37
2810.386648282745,2023-07-03,2793.93
2799.605680606852,2023-07-04,2808.22
2810.386648282745,2023-07-05,2805.0
2824.7073516383266,2023-07-06,2819.6
2818.227332987908,2023-07-07,2832.51
2837.6518046289266,2023-07-10,2856.76
2846.650443317028,2023-07-11,2860.33
2857.187129627625,2023-07-12,2896.83
2876.898073335004,2023-07-13,2885.63
2858.012338794861,2023-07-14,2902.72
2872.454304424673,2023-07-17,2917.61
2942.3378190853828,2023-07-18,2954.52
2971.423223459067,2023-07-19,2943.43
2949.531148881014,2023-07-20,2917.48
2899.3610294430846,2023-07-21,2923.54
2942.3378190853828,2023-07-24,2937.47
2977.35501690872,2023-07-25,2975.36
2988.7773624836364,2023-07-26,2970.42
2995.9839727047374,2023-07-27,2987.85
3002.005931163213,2023-07-28,3008.61
3041.4128832730744,2023-07-31,3073.5
3089.202473034379,2023-08-01,3093.64
3109.419025432195,2023-08-02,3106.46
3117.500260382114,2023-08-03,3147.8
3133.353675372768,2023-08-04,3092.44
3113.094950319337,2023-08-07,3084.08
3054.824579182852,2023-08-08,3085.31
3110.080254136049,2023-08-09,3099.52
3122.384479150209,2023-08-10,3148.86
3157.6189997014844,2023-08-11,3155.51
3149.0505670471102,2023-08-14,3131.0
3102.06898921162,2023-08-15,3115.25
3087.1543052915013,2023-08-16,3049.46
3048.628802443296,2023-08-17,3059.02
3073.803072116776,2023-08-18,3111.22
3133.863367263422,2023-08-21,3139.93
3147.955271190357,2023-08-22,3164.25
3141.635239085627,2023-08-23,3146.2
3128.558124263724,2023-08-24,3137.37
3145.4519623723454,2023-08-25,3157.33
3167.2571644053514,2023-08-28,3198.72
3208.2539998937573,2023-08-29,3211.36
3212.2522423426326,2023-08-30,3212.68
3223.597106622555,2023-08-31,3227.99
3226.736795392955,2023-09-01,3231.35
3243.400507564629,2023-09-04,3268.97
3243.6789041167594,2023-09-05,3264.43
3243.400507564629,2023-09-06,3245.47
3177.02604590787,2023-09-07,3169.07
3143.918630753688,2023-09-08,3142.88
3133.575429768549,2023-09-11,3122.37
3128.660180964572,2023-09-12,3165.92
3167.131134164686,2023-09-13,3148.32
3130.755120039834,2023-09-14,3139.49
3128.660180964572,2023-09-15,3152.53
3153.4165251745007,2023-09-18,3135.18
3108.4559546549526,2023-09-19,3083.85
3050.3957476392234,2023-09-20,3068.15
3042.986505814657,2023-09-21,3019.22
3030.271361663756,2023-09-22,3049.07
3036.984051729445,2023-09-25,3045.39
3036.984051729445,2023-09-26,3051.91
3055.726527386232,2023-09-27,3067.61
3100.265762226447,2023-09-28,3108.07
3119.5932328373246,2023-09-29,3133.26
3145.4519623723454,2023-10-02,3132.33
3128.454079393041,2023-10-03,3143.88
3145.3567158574224,2023-10-04,3134.25
3123.270379318753,2023-10-05,3131.76
3133.863367263422,2023-10-06,3144.89
3162.2071599605383,2023-10-09,3174.02
3167.274987755559,2023-10-10,3177.03
3169.5405560734125,2023-10-11,3194.12
3150.5309532427177,2023-10-12,3174.66
3174.639125654693,2023-10-13,3192.33
3219.59886417368,2023-10-16,3234.78
3240.2093099077138,2023-10-17,3247.15
3240.2093099077138,2023-10-18,3249.21
3241.59669712847,2023-10-19,3255.16
3241.59669712847,2023-10-20,3269.27
3243.6789041167594,2023-10-23,3263.68
3243.400507564629,2023-10-24,3265.01
3243.400507564629,2023-10-25,3265.28
3232.4282602722037,2023-10-26,3223.89
3212.2522423426326,2023-10-27,3224.18
3227.055131403072,2023-10-30,3227.07
3200.271370597947,2023-10-31,3200.97
3205.444134332154,2023-11-01,3206.52
3219.59886417368,2023-11-02,3197.22
3196.273128149072,2023-11-03,3208.63
3219.59886417368,2023-11-06,3235.11
3239.899767280404,2023-11-07,3246.34
3236.5331108866494,2023-11-08,3245.43
3239.899767280404,2023-11-09,3239.92
3234.8361810385827,2023-11-10,3242.06
3241.28715450116,2023-11-13,3248.27
3212.2522423426326,2023-11-14,3212.39
3200.271370597947,2023-11-15,3215.11
3200.271370597947,2023-11-16,3189.08
3167.0381891517955,2023-11-17,3206.34
3208.2539998937573,2023-11-20,3207.36
3208.2539998937573,2023-11-21,3218.48
3226.736795392955,2023-11-22,3230.65
3226.736795392955,2023-11-23,3221.05
3223.597106622555,2023-11-24,3217.76
3200.271370597947,2023-11-27,3191.05
3169.39670248254,2023-11-28,3196.36
3179.807504547041,2023-11-29,3173.52
3164.7726208339413,2023-11-30,3165.79
3157.225573512361,2023-12-01,3142.29
3125.647792321927,2023-12-04,3114.41
3121.177406863542,2023-12-05,3129.33
3128.149956612139,2023-12-06,3079.5
3048.628802443296,2023-12-07,3073.63
3070.347086611592,2023-12-08,3079.99
3059.599371817271,2023-12-11,3026.17
3036.984051729445,2023-12-12,3019.89
3030.271361663756,2023-12-13,3032.22
3036.984051729445,2023-12-14,3008.84
3008.285191877316,2023-12-15,3033.89
3055.9198500405764,2023-12-18,3076.26
3081.7872020311534,2023-12-19,3083.64
3107.233521132094,2023-12-20,3104.66
3083.91251940627,2023-12-21,3073.57
3084.866361308843,2023-12-22,3092.58
3106.507320807394,2023-12-25,3099.02
3105.294961605753,2023-12-26,3094.72
3115.606307840093,2023-12-27,3097.49
3105.6781289242062,2023-12-28,3101.99
3109.2542471037955,2023-12-29,3099.11
3116.490978385475,2024-01-03,3130.23
3143.5529732895407,2024-01-04,3136.07
3143.5529732895407,2024-01-05,3136.37
3150.3540031494585,2024-01-08,3158.58
3155.6417480944297,2024-01-09,3155.55
3160.511977558825,2024-01-10,3164.7
3160.511977558825,2024-01-11,3181.25
3175.338691904823,2024-01-12,3185.22
3194.1628288375987,2024-01-15,3184.88
3170.333067336433,2024-01-16,3179.45
3173.073123586969,2024-01-17,3185.23
3191.8972605197446,2024-01-18,3178.85
3165.472187084071,2024-01-19,3166.37
3165.472187084071,2024-01-22,3172.15
3167.9745540056883,2024-01-23,3175.74
3165.472187084071,2024-01-24,3162.41
3158.318565951614,2024-01-25,3157.74
3165.6911623376272,2024-01-26,3163.21
3165.6911623376272,2024-01-29,3176.61
3191.804315506853,2024-01-30,3196.08
3220.2984304238094,2024-01-31,3214.19
3227.4363616430846,2024-02-01,3229.89
3227.4363616430846,2024-02-02,3226.35
3227.4363616430846,2024-02-05,3226.79
3235.217411278596,2024-02-06,3238.4
3244.1000738147586,2024-02-07,3256.58
3244.1000738147586,2024-02-08,3241.81
3227.4363616430846,2024-02-09,3242.38
3240.5993335305334,2024-02-12,3248.5
3244.1000738147586,2024-02-13,3254.6
3244.3784703668894,2024-02-14,3258.14
3244.1000738147586,2024-02-15,3265.63
3242.2962633786,2024-02-16,3242.48
3242.2962633786,2024-02-19,3244.56
3224.2966728726847,2024-02-20,3207.49
3160.601957619675,2024-02-21,3139.5
3152.85731196747,2024-02-22,3142.3
3201.0758727872635,2024-02-26,3213.17
3224.2966728726847,2024-02-27,3208.99
3220.5833414266144,2024-02-28,3227.05
3236.1302009188275,2024-02-29,3256.8
3244.6633813696944,2024-03-01,3266.66
3273.700308541017,2024-03-04,3296.75
3291.093753117604,2024-03-05,3300.89
3297.742807466885,2024-03-06,3310.58
3301.7522599568606,2024-03-07,3315.68
3308.4013143061425,2024-03-11,3320.31
3308.4013143061425,2024-03-12,3332.6
3308.4013143061425,2024-03-13,3320.68
3297.742807466885,2024-03-14,3297.0
3291.093753117604,2024-03-15,3300.07
3291.093753117604,2024-03-18,3296.3
3260.949222382708,2024-03-19,3264.97
3248.751507141594,2024-03-20,3267.1
3258.9157610065795,2024-03-21,3286.69
3265.037348154608,2024-03-22,3273.49
3242.5811743814047,2024-03-25,3281.63
3265.037348154608,2024-03-26,3285.54
3289.9861495540304,2024-03-27,3304.09
3301.7522599568606,2024-03-28,3312.77
3308.4013143061425,2024-03-29,3332.53
3323.571974413887,2024-04-01,3363.29
3323.571974413887,2024-04-02,3371.29
3340.777978661523,2024-04-03,3395.59
3355.123614836018,2024-04-04,3407.57
3340.777978661523,2024-04-05,3395.37
3355.123614836018,2024-04-08,3417.38
3368.4119914312787,2024-04-09,3414.26
3368.4119914312787,2024-04-10,3439.11
3368.4119914312787,2024-04-11,3439.53
